032302,2525 E ROOSEVELT ST,PHOENIX,AZ,85008
032314,1920 E CAMBRIDGE RD STE 102,PHOENIX,AZ,85016
032315,565 W SEED FARM RD,SACATON,AZ,85147
032316,PO BOX 245148,TUCSON,AZ,85724
032500,1780 W ANKLAM RD,TUCSON,AZ,85745
032501,6420 E BROADWAY BLVD STE C300,TUCSON,AZ,85710
032502,2130 W 24TH ST,YUMA,AZ,85364
032503,13090 N 94TH DR STE 100,PEORIA,AZ,85381
032506,500 Edgewater Drive,TUBA CITY,AZ,86045
032508,1021 S 7TH AVE STE 108,PHOENIX,AZ,85007
032509,135 S POWER RD STE 103,MESA,AZ,85206
032513,HWY 86 - MP 113,SELLS,AZ,85634
032514,2022 E PRINCE RD,TUCSON,AZ,85719
032516,912 W CHANDLER BLVD BLDG A-D,CHANDLER,AZ,85225
032517,3421 N 7TH AVE,PHOENIX,AZ,85013
032518,US HWY 191,CHINLE,AZ,86503
032520,"629 N HIGHWAY 90 BYP, STE 6",SIERRA VISTA,AZ,85635
032521,5957 W NORTHERN AVE STE 108,GLENDALE,AZ,85301
032522,12205 KENNEDY DRIVE,PARKER,AZ,85344
032523,980 WILLOW CREEK RD STE 101,PRESCOTT,AZ,86301
032524,"2201 N VICKEY STREET, STE 120",FLAGSTAFF,AZ,86004
032525,9220 E MOUNTAIN VIEW RD STE 105,SCOTTSDALE,AZ,85258
032526,1457 W SOUTHERN AVE STE 19,MESA,AZ,85202
032528,5750 W THUNDERBIRD RD BLDG G #750,GLENDALE,AZ,85306
032530,3815 E. BELL ROAD STE. 1100,PHOENIX,AZ,85032
032533,2250 HIGHWAY 60 STE O-2,MIAMI,AZ,85539
032536,721 MIKE'S PIKE STREET,WINSLOW,AZ,86047
032537,5546 W ROOSEVELT ST STE 1,PHOENIX,AZ,85043
032539,1525 N GILBERT RD STE 121,GILBERT,AZ,85234
032540,1041 N ARIZOLA RD,CASA GRANDE,AZ,85122
032541,1449 W SOUTHERN AVE,TEMPE,AZ,85282
032542,4021 N. 30th Street,PHOENIX,AZ,85016
032543,1605 N. Industrial Park Dr. STE H,NOGALES,AZ,85621
032544,2145 Mesquite Ave,LAKE HAVASU CITY,AZ,86403
032545,26 E BASELINE STE 142,PHOENIX,AZ,85042
032546,12213 W BELL ROAD STE 110,SURPRISE,AZ,85374
032549,1250 S 20TH AVE,SAFFORD,AZ,85546
032550,1957 W DUNLAP AVE STE 6C,PHOENIX,AZ,85021
032551,1337 S GILBERT RD STE 109,MESA,AZ,85204
032553,5115 East Thomas Rd,PHOENIX,AZ,85018
032556,7179 E 31ST PL,YUMA,AZ,85365
032558,2650 MIRACLE MILE,BULLHEAD CITY,AZ,86442
032559,HWY 163,KAYENTA,AZ,86033
032561,1875 E Sabin Dr,CASA GRANDE,AZ,85122
032562,"1699 E COTTONWOOD ST, A-200",COTTONWOOD,AZ,86326
032564,4502 W INDIAN SCHOOL RD STE A4-11,PHOENIX,AZ,85031
032565,1011 E PENNSYLVANIA ST,TUCSON,AZ,85719
032568,1211 N COUNTRY CLUB DR STE 4,MESA,AZ,85201
032571,16101 N 82ND ST STE 6-7,SCOTTSDALE,AZ,85260
032572,13000 N 103RD AVE STE 66,SUN CITY,AZ,85351
032573,7490 S CAMINO DE OESTE,TUCSON,AZ,85757
032575,1500 S WHITE MOUNTAIN BLVD STE 204,SHOW LOW,AZ,85901
032578,11540 E UNIVERSITY DR STE 109,APACHE JUNCTION,AZ,85120
032579,9666 E RIGGS RD STE 143,SUN LAKES,AZ,85248
032580,13657 W MCDOWELL RD STE 106,GOODYEAR,AZ,85338
032583,4621 S CENTRAL AVE,PHOENIX,AZ,85040
032587,21241 N 23RD AVE STE 11,PHOENIX,AZ,85027
032589,2024 E IRVINGTON RD,TUCSON,AZ,85714
032592,HIGHWAY 264 MILE MARKER 388,POLACCA,AZ,86042
032593,14510 W SHUMWAY DR STE 100,SUN CITY WEST,AZ,85375
032594,10301 E OSBORN RD BLDG 14,SCOTTSDALE,AZ,85256
032596,3305 E GREENWAY RD STE 1,PHOENIX,AZ,85032
032597,US 70 & AZ ROUTE 170,PERIDOT,AZ,85542
032599,15930 48th Street,PHOENIX,AZ,85048
032601,14664 N DEL WEBB BLVD,SUN CITY,AZ,85351
032604,20325 N 51ST AVE STE 186 BLDG 11,GLENDALE,AZ,85308
032605,5222 E BASELINE RD STE 104,GILBERT,AZ,85234
032607,10750 W MCDOWELL RD STE E500,AVONDALE,AZ,85323
032608,13055 W MCDOWELL RD STE F101,AVONDALE,AZ,85392
032609,2149 E WARNER RD STE 109 & STE 110,TEMPE,AZ,85284
032610,22715 S ELLSWORTH RD STE D,QUEEN CREEK,AZ,85142
032611,337 E CORONADO RD STE 101,PHOENIX,AZ,85004
032612,8410 W THOMAS RD STE 100 BLDG 1,PHOENIX,AZ,85037
032613,6261 N LA CHOLLA BLVD STE 181,TUCSON,AZ,85741
032614,99 E 16TH ST,DOUGLAS,AZ,85607
032616,1700 W COMMERCE POINTE PL,SAHUARITA,AZ,85629
032617,100 W GRANT RD,TUCSON,AZ,85705
032618,2945 W INA RD STE 105,TUCSON,AZ,85741
032619,10238 E HAMPTON AVE STE 108,MESA,AZ,85209
032620,14671 W. Mountain View Blvd.,Surprise,AZ,85374
032622,500 N BULLARD AVE STE C34,GOODYEAR,AZ,85338
032624,1134 E UNIVERSITY DR STE 101,MESA,AZ,85203
032625,3540 E BASELINE RD STE 110,PHOENIX,AZ,85042
032626,1430 W VALENCIA RD STE 1,TUCSON,AZ,85746
032627,2901 E GRANT RD,TUCSON,AZ,85716
032628,1721 Airway Ave,KINGMAN,AZ,86409
032629,2802 SOUTH 6TH AVE,TUCSON,AZ,85713
032630,8910 N 43RD AVE STE 107,GLENDALE,AZ,85302
032631,975 W CHANDLER HEIGHTS RD,CHANDLER,AZ,85248
032632,7355 S HOUGHTON RD STE 101,TUCSON,AZ,85747
032633,300 W HIGHWAY 287,FLORENCE,AZ,85132
032634,4845 W MCDOWELL RD,PHOENIX,AZ,85035
032635,3511 MERCY RD STE 101,GILBERT,AZ,85297
032636,2268 N WALGREENS ST,FLAGSTAFF,AZ,86004
032637,811 N TEGNER,WICKENBURG,AZ,85390
032638,301 S Power Road Suite 104,MESA,AZ,85206
032639,9250 West Thomas Road,PHOENIX,AZ,85037
032640,7362 W Thunderbird Rd Suite 104,PEORIA,AZ,85381
032642,5115 E THOMAS RD STE 100,PHOENIX,AZ,85018
032643,5555 E 5TH ST #155,TUCSON,AZ,85711
032644,1197 S REDONDO CENTER DR,YUMA,AZ,85365
032645,13430 N SAGUARO BLVD,FOUNTAIN HILLS,AZ,85268
032646,4407 WEST PEORIA AVE,GLENDALE,AZ,85302
032647,16605 NORTH 28TH AVENUE,PHOENIX,AZ,85053
032648,4141 N Scottsdale Rd,SCOTTSDALE,AZ,85251
032650,4901 W McDowell Road,PHOENIX,AZ,85035
032651,1635 N Swan Road,TUCSON,AZ,85712
032652,1521 E Tangerine Road,Oro Valley,AZ,85755
032653,6622 N 91st Avenue,Glendale,AZ,85305
032654,5555 Mesa Verde Dr,Sierra Vista,AZ,85635
032655,926 E Mc Dowell Rd,Phoenix,AZ,85006
032656,6622 N 91st Ave,Glendale,AZ,85305
032657,3600 W Tangerine Rd,Marana,AZ,85658
032658,14620 West Encanto Blvd,Goodyear,AZ,85395
032659,7862 E Florentine Rd,Prescott Valley,AZ,86314
032660,6970 East Chauncey Lane,Phoenix,AZ,85054
032661,450 South Gilbert Road,Chandler,AZ,85225
032662,14671 W Mountain View Blvd,Surprise,AZ,85374
032663,2500 S 8th Ave,Yuma,AZ,85364
032665,102 West Hospital Drive,Whiteriver,AZ,85941
033503,"9721 WEST PECOS RD- RR2, BOX 807",LAVEEN,AZ,85339
033504,8088 W Whitney Drive,Peoria,AZ,85345
052305,2220 MOORPARK AVENUE,SAN JOSE,CA,95128
052311,Sr. Elizabeth Bldg. 1100 W. Stewart Drive,Orange,CA,92868
052321,"Division of Nephrology (Dialysis) 4650 Sunset Blvd., Box 40",Los Angeles,CA,90027
052323,"Dialysis Unit 4700 Sunset Blvd., 2nd Floor",Los Angeles,CA,90027
052334,400 N. Pepper Avenue,Colton,CA,92324
052380,"Peritoneal Dialysis Unit, 9985 Sierra Avenue MOB-3",Fontana,CA,92335
052381,"5601 De Soto Avenue, Area 247 Peritoneal Dialysis",Woodland Hills,CA,91365
052382,"Peritoneal Dialysis Unit, 10800 Magnolia Avenue, Module 1X",Riverside,CA,92505
052384,"Dialysis Unit 6041 Cadillac Avenue, Suite 442",Los Angeles,CA,90034
052389,"CAPD Department-Basement, 9333 E. Imperial Hwy",Downey,CA,90242
052390,725 WELCH ROAD PEDIATRIC DIALYSIS  RM 1229,PALO ALTO,CA,94304
052392,710 LAWRENCE EXPRESSWAY #460,SANTA CLARA,CA,95051
052394,"Peritoneal Dialysis Unit, 3460 E. La Palma Avenue",Anaheim,CA,92806
052395,"3020 Childrens Way, MC 5115",San Diego,CA,92123
052398,27303 SLEEPY HOLLOW,HAYWARD,CA,94545
052399,Peritoneal Dialysis Unit 1813 N Hacienda Blvd.,LA PUENTE,CA,91744
052403,"200 MUIR ROAD, HACIENDA BUILDING, SECOND FLOOR",MARTINEZ,CA,94553
052404,2295 South Vineyard Avenue,Ontario,CA,91761
052405,2521 Stockton Blvd,SACRAMENTO,CA,95817
052406,"Childrens Hospital 11234 Anderson St., Rm. 4219",Loma Linda,CA,92354
052407,27200 Iris Avenue,Moreno Valley,CA,92555
052502,3600 E. Martin Luther King Jr. Blvd.,Lynwood,CA,90262
052503,146 South Main Street,Orange,CA,92868
052505,238 Orangefair Mall,Fullerton,CA,92832
052513,222 Pesetas Lane,Santa Barbara,CA,93110
052514,4360-A Stevens Creek Blvd,SAN JOSE,CA,95129
052515,3810 Katella Avenue,Los Alamitos,CA,90720
052521,"1759 W. Avenue J, Suite 102",Lancaster,CA,93534
052522,801 W. Compton Blvd.,Compton,CA,90220
052523,1525 Long Beach Blvd,Long Beach,CA,90813
052524,1020 SECOND STREET,SANTA ROSA,CA,95404
052525,203 E. Second Avenue,Escondido,CA,92025
052526,565 SIR FRANCIS DRAKE BLVD.,GREENBRAE,CA,94904
052528,1876 PARK MARINA DRIVE,REDDING,CA,96001
052531,3500 COFFEE ROAD #21,MODESTO,CA,95355
052532,"4361 Latham Street, Suite 100",Riverside,CA,92501
052534,"2628 INTERNATIONAL BLVD, STE 100",OAKLAND,CA,94601
052536,303 W. 26th Street,National City,CA,91950
052538,125 E. Arbor Vitae St,Inglewood,CA,90301
052541,1061 N. Indian Canyon Drive,Palm Springs,CA,92262
052543,2765 TIMBER RIDGE LANE,EUREKA,CA,95503
052544,9432 Venice Blvd.,Culver City,CA,90230
052545,"18546 Roscoe Blvd., Suite 108",Northridge,CA,91324
052546,1498 SOUTHGATE AVENUE,DALY CITY,CA,94015
052549,"2031 Alameda Avenue, Suite 202",Burbank,CA,91506
052550,11375 Anderson Street,Loma Linda,CA,92354
052552,600 N. 13th Avenue,Upland,CA,91786
052553,530 Cohasset Road,CHICO,CA,95926
052554,"6840 Sepulveda Blvd, Suite 101",VAN NUYS,CA,91405
052555,3801 CLARES STREET,CAPITOLA,CA,95010
052556,3295 Skypark Drive,Torrance,CA,90505
052560,13352 SAN PABLO AVENUE,SAN PABLO,CA,94806
052561,16049 Kamana Road,Apple Valley,CA,92307
052563,1525 PLUMAS COURT SUITE A,YUBA CITY,CA,95991
052564,118 Hilliard Avenue,Monterey Park,CA,91754
052565,1100 TRANCAS ST,NAPA,CA,94558
052567,830 REDWOOD STREET,VALLEJO,CA,94590
052568,5720 STONERIDGE MALL ROAD #160,PLEASANTON,CA,94588
052569,8275 Bruceville Rd.,Sacramento,CA,95823
052571,32930 ALVARADO-NILES ROAD #300,UNION CITY,CA,94587
052572,2121 ALEXIAN DRIVE,SAN JOSE,CA,95116
052574,9041 Imperial Hwy.,Downey,CA,90242
052576,"7927 Ostrow Street, Suite A",San Diego,CA,92111
052578,1781 Santa Clara Drive,ROSEVILLE,CA,95661
052579,"227 W. Janss Road, Suite 115",Thousand Oaks,CA,91360
052580,1547 W. Garvey Avenue North,West Covina,CA,91790
052581,"1045 W. Redondo Beach Blvd., Suite 105",Gardena,CA,90247
052583,2066 NORTH FREMONT BLVD,MONTEREY,CA,93940
052584,"3393 G STREET, SUITE A",MERCED,CA,95340
052585,"14624 Sherman Way, Suite 106",Van Nuys,CA,91405
052589,1809 W. Chapman Avenue,Orange,CA,92868
052590,11859 Compton Avenue,Los Angeles,CA,90059
052591,2111 N. Garey Avenue,Pomona,CA,91767
052597,27640 Marguerite Parkway,Mission Viejo,CA,92692
052600,393 BLOSSOM HILL ROAD SUITE 110,SAN JOSE,CA,95123
052601,244 PECKHAM COURT,LAKEPORT,CA,95453
052602,"955 Blanco Circle, Ste. #C",Salinas,CA,93901
052604,4005 MANZANITA AVENUE,CARMICHAEL,CA,95608
052606,1704 State Street,Santa Barbara,CA,93101
052608,4308 WEST SHAW AVENUE,FRESNO,CA,93722
052609,18330 HWY 108,JAMESTOWN,CA,95327
052610,2710 TELEGRAPH AVENUE Suite #100,OAKLAND,CA,94612
052612,810 E. Manning Ave,REEDLEY,CA,93654
052613,2551 E. Washington Blvd.,Pasadena,CA,91107
052614,3126 PROFESSIONAL DRIVE #100,AUBURN,CA,95603
052615,3900-C Bel Aire Plaza #C,NAPA,CA,94558
052617,"12555 Garden Grove Blvd., Suite 100",Garden Grove,CA,92843
052618,4660 CENTRAL WAY,FAIRFIELD,CA,94534
052620,3050 W. Florida Avenue,Hemet,CA,92545
052621,"595 Tamarack Avenue, Suite A",Brea,CA,92821
052622,"1700 E Cesar E. Chavez Ave., Suite L-100",Los Angeles,CA,90033
052624,"715 SOUTH POINT BLVD., SUITE A",PETALUMA,CA,94954
052627,7880 Valley View St.,Buena Park,CA,90620
052628,402 W. Eighth Street,Hanford,CA,93230
052629,5 Nielson Street,WATSONVILLE,CA,95076
052630,2301 CIRCADIAN WAY #C,SANTA ROSA,CA,95407
052631,1212 Wilshire Blvd.,Los Angeles,CA,90017
052633,"11550 Indian Hills Road, Suite 100",Mission Hills,CA,91345
052634,1416 Centinela Avenue,Inglewood,CA,90302
052635,"8501 Brimhall Road, Bldg. 500",Bakersfield,CA,93312
052637,1211 N. San Fernando Blvd.,Burbank,CA,91504
052638,970 Enchanted Way,Simi Valley,CA,93065
052641,"16892 Bolsa Chica Street, Suite 100",Huntington Beach,CA,92649
052643,"8635 W. Third Street, Suite 560W",Los Angeles,CA,90048
052644,2300 W. Valley Blvd.,Alhambra,CA,91803
052647,1729 NORTH OLIVE #9,TURLOCK,CA,95382
052648,"31736 Rancho Viejo Road, Suite B",SAN JUAN CAPISTRANO,CA,92675
052652,15625 Lakewood Blvd.,Paramount,CA,90723
052653,"2252 Verus Street, Suite D",San Diego,CA,92154
052654,150 E. Arrow Highway,Pomona,CA,91767
052656,"4567 Telephone Road, Suite 101",Ventura,CA,93003
052657,41-501 Corporate Way,Palm Desert,CA,92260
052658,"81715 Doctor Carreon Blvd., Suite B-2",Indio,CA,92201
052661,"2057 Compton Avenue, #101",Corona,CA,92881
052663,6406 TUPELO DRIVE STE-A,CITRUS HEIGHTS,CA,95621
052665,"1260 15th Street, Suite 102",Santa Monica,CA,90404
052666,545 E. Tulare Avenue,Tulare,CA,93274
052668,"3801 Las Posas Road, Suite 103",Camarillo,CA,93010
052670,2738 W. Imperial Highway,Inglewood,CA,90303
052671,3111 Long Beach Blvd.,Long Beach,CA,90807
052674,405 Dover Parkway,Delano,CA,93215
052675,13939 E 14TH STREET STE 110,SAN LEANDRO,CA,94578
052676,1771 STOCKTON BLVD,SACRAMENTO,CA,95816
052677,3636 NORTH FIRST #144,FRESNO,CA,93726
052678,"720 Gateway Center Drive, Suite B",San Diego,CA,92102
052682,17590 Foothill Blvd.,Fontana,CA,92335
052683,5714 East Olympic Blvd.,Los Angeles,CA,90022
052684,"809 S. Atlantic Blvd., Suite 103",Monterey Park,CA,91754
052685,21615 HESPERIAN BOULEVARD SUITE F,HAYWARD,CA,94541
052686,5995 Severin Drive,La Mesa,CA,91942
052687,"20710 S. Leapwood Avenue, Suite F",Carson,CA,90746
052689,404 NORTH WIGET LANE,WALNUT CREEK,CA,94598
052690,110 S. Fifth Street,El Centro,CA,92243
052691,3311 COACH LN STE C,CAMERON PARK,CA,95682
052694,14651 SOUTH BASCOM SUITE 100,LOS GATOS,CA,95032
052695,3901 S. Western Avenue,Los Angeles,CA,90062
052696,5429 W. Cypress Avenue,Visalia,CA,93277
052699,"1007 W. Avenue M-14, Suite B",Palmdale,CA,93551
052700,883 S Atlantic Blvd Unit H,Monterey Park,CA,91754
052701,"20911 Earl Street, Suite 160",Torrance,CA,90503
052703,3115 WEST MARCH LANE SUITE A,STOCKTON,CA,95219
052705,545 E. Cleveland Street,Stockton,CA,95204
052706,1201 COMMERCE AVE,ATWATER,CA,95301
052707,1315 ALHAMBRA BLVD #100,SACRAMENTO,CA,95816
052708,"3300 Vista Way, Suite A",Oceanside,CA,92056
052709,941 MERCHANT ST,VACAVILLE,CA,95688
052710,14557 Temple Avenue,La Puente,CA,91744
052711,7231 E SOUTHGATE DRIVE,SACRAMENTO,CA,95823
052712,12455 Washington Blvd.,WHITTIER,CA,90602
052713,3986 S. Figueroa Street,Los Angeles,CA,90037
052714,12675 Hesperia Road,Victorville,CA,92392
052715,1830 Lomita Blvd.,Lomita,CA,90717
052717,"1938 Tyler Avenue, Suite J-168",South El Monte,CA,91733
052719,1499 WEBSTER STREET,SAN FRANCISCO,CA,94115
052720,"315 N. Third Avenue, Suite 104",Covina,CA,91723
052721,2757 TELEGRAPH AVENUE,OAKLAND,CA,94612
052722,39505 PASEO PADRE PARKWAY,FREMONT,CA,94538
052723,1620 West Yosemite Ave,MANTECA,CA,95337
052724,"10012 Norwalk Blvd., Suite 190",Santa Fe Springs,CA,90670
052725,950 S. Eastern Avenue,East Los Angeles,CA,90022
052726,158 W. College Street,Covina,CA,91723
052727,1449 W. Redlands Blvd.,Redlands,CA,92373
052728,1738 OCEAN AVENUE,SAN FRANCISCO,CA,94112
052729,5354 CLAREMONT AVENUE,OAKLAND,CA,94618
052730,"27602 Clinton Keith Road, Bldg F",MURRIETA,CA,92562
052731,"630 Bay Blvd., Suite 101",Chula Vista,CA,91910
052734,1341 W. La Palma Avenue,Anaheim,CA,92801
052735,"40945 County Center Drive, Suite G",Temecula,CA,92591
052738,"60 G STREET, BUILDING 5",LOS BANOS,CA,93635
052739,4445 Riverside Drive,Chino,CA,91710
052740,858 Fletcher Parkway,El Cajon,CA,92020
052743,4041 University Parkway,San Bernardino,CA,92407
052744,"17815 Ventura Blvd., Suite 100",Encino,CA,91316
052746,11300 Hawthorne Blvd,INGLEWOOD,CA,90304
052747,"3780 Kilroy Airport Way, Suite 110",Long Beach,CA,90806
052751,8095 Camino Arroyo #100,GILROY,CA,95020
052752,3011 CERES AVENUE #125,CHICO,CA,95973
052753,"1610 WEST KETTLEMAN LANE, SUITE D",LODI,CA,95242
052756,"332 Santa Fe Drive, Suite 100",Encinitas,CA,92024
052757,1800 N. Park Blvd,Pittsburg,CA,94565
052758,365 LENNON LANE #160,WALNUT CREEK,CA,94598
052759,508 CONTRA COSTA BLVD #D,PLEASANT HILL,CA,94523
052760,"1801 W. Valley Blvd., Suite 102",Alhambra,CA,91803
052761,7612 Atlantic Avenue,Cudahy,CA,90201
052762,"1801 Holser Walk, Suite 310",Oxnard,CA,93030
052764,"1801 W. Valley Blvd., Suite 204",Alhambra,CA,91803
052768,1181 N. State St.,San Jacinto,CA,92583
052769,636 CLAY STREET,SAN FRANCISCO,CA,94111
052770,2711 CINEMA WAY #111,SELMA,CA,93662
052772,290 Hospital Circle,Westminster,CA,92683
052773,14014 Magnolia St.,Westminster,CA,92683
052776,"56845 Twenty-Nine Palms Highway,",Yucca Valley,CA,92284
052778,"23861 W. McBean Parkway, Suite E-11",Valencia,CA,91355
052779,"7007 Mission Gorge Road, 1st Floor",San Diego,CA,92120
052780,570 N. Second Street,El Cajon,CA,92021
052781,12126 Victory Blvd.,North Hollywood,CA,91606
052782,900 S. Mountain Avenue,Monrovia,CA,91016
052783,"305 E. GRANGER AVE.., STE. 102",MODESTO,CA,95350
052784,7500 WEST LANE,STOCKTON,CA,95210
052785,1721 W. Whittier Blvd.,Montebello,CA,90640
052786,10690 SAN PABLO AVENUE,EL CERRITO,CA,94530
052787,10700 MacArthur Blvd. Building 7,Oakland,CA,94605
052788,5820 Downey Avenue,Long Beach,CA,90805
052789,212 S. Richmond Road,Ridgecrest,CA,93555
052791,7403 Hellman Avenue,Rosemead,CA,91770
052792,200 Wake Avenue,El Centro,CA,92243
052793,1125 INDUSTRIAL RD SUITE G,SAN CARLOS,CA,94070
052794,2310 Alcazar Street,Los Angeles,CA,90033
052796,5244 MADISON AVENUE,SACRAMENTO,CA,95841
052798,"17197 Newhope Street, Suite A, B, C & D",Fountain Valley,CA,92708
052799,1220 E. Plaza Blvd Suite 502,National City,CA,91950
052800,253 March Street,Santa Paula,CA,93060
052801,5108 W Sunset Blvd.,Los Angeles,CA,90027
052802,21602 S. Vermont Avenue,Torrance,CA,90502
052803,1309 E. Carson Street,Carson,CA,90745
052804,9142 Monte Vista Ave,Montclair,CA,91763
052805,"36O CROWN POINT CIRCLE, SUITE 210",GRASS VALLEY,CA,95945
052806,3705 S. La Brea Avenue,Los Angeles,CA,90016
052807,26900 Cactus Avenue,Moreno Valley,CA,92555
052808,23141 Plaza Pointe Drive,Laguna Hills,CA,92653
052809,1801 S. La Cienega Blvd.,Los Angeles,CA,90035
052810,560 1st Street,BENICIA,CA,94510
052811,1043 Marsh Street,San Luis Obispo,CA,93401
052812,737 W. Hobson Way,Blythe,CA,92225
052813,"1001 POTRERO BLDG. 100, ROOM 342",SAN FRANCISCO,CA,94110
052814,"425 BEVERLY PLACE, SUITE A",TRACY,CA,95376
052815,610 HEGENBERGER RD,OAKLAND,CA,94621
052816,655 Helen Runyon Dr,Barstow,CA,92311
052817,"1275 W. ""C"" Street",Colton,CA,92324
052818,UCSD Dialysis Center,San Diego,CA,92103
052819,2000 SOUTH EL CAMINO REAL,SAN MATEO,CA,94403
052820,120 W. Foothill Blvd.,Glendora,CA,91740
052821,"1149 W. 190th Street, Suite 1004",Gardena,CA,90248
052822,5352 CLAREMONT AVE,OAKLAND,CA,94618
052826,4612 ROSEVILLE ROAD SUITE 100,NORTH HIGHLANDS,CA,95660
052827,14600 Roscoe Blvd.,Panorama City,CA,91402
052828,2021 S. Flower Street,Los Angeles,CA,90007
052829,242 E. Harvard Blvd.,Santa Paula,CA,93060
052830,351 E. Birch St,Calexico,CA,92231
052831,2386 BUCHANAN ROAD,ANTIOCH,CA,94509
052832,"Probst Building 39000 Bob Hope Drive, Suite 103",Rancho Mirage,CA,92270
052834,2227 El Camino Real,Oceanside,CA,92054
052835,"1181 Broadway, Suite 5",Chula Vista,CA,91911
052836,44 Tu Su Lane,Bishop,CA,93514
052837,300 S. Robertson Blvd.,Los Angeles,CA,90048
052838,127 W. Pine Avenue,Lompoc,CA,93436
052839,3501 MALL VIEW RD,Bakersfield,CA,93306
052840,"1045 Atlantic Avenue, Suite 108",Long Beach,CA,90813
052841,3100 DELTA FAIR BLVD,ANTIOCH,CA,94509
052842,950 Hacienda Drive,Vista,CA,92081
052843,"433 N. 4th. St., Suite 102",Montebello,CA,90640
052844,4345 E. Imperial Highway,Lynwood,CA,90262
052845,254 JACKSON STREET,HAYWARD,CA,94544
052847,1540 W. Covina Parkway,West Covina,CA,91790
052848,"3470 La Sierra Avenue, Suite E",Riverside,CA,92503
052850,9267 GREENBACK LANE #A2,ORANGEVALE,CA,95662
052852,8151 Beverly Blvd.,Los Angeles,CA,90048
052853,4 WILLOW GLEN AVENUE,Oakdale,CA,95361
052854,15757 E. Valley Blvd.,City of Industry,CA,91744
052855,"10532 Acacia Street, Suite B2-B3",Rancho Cucamonga,CA,91730
052856,516 E. Washington Blvd.,Los Angeles,CA,90015
052857,7000 STOCKTON BLVD.,SACRAMENTO,CA,95823
052858,11854 S. Wilmington  Avenue,Los Angeles,CA,90059
052859,1427 S. Glendale Avenue,Glendale,CA,91205
052860,"2679 S. Saviers Road, Suite B",Oxnard,CA,93033
052862,"511 N. Brookhurst Street, Suite 100",Anaheim,CA,92801
052863,"1850 N. Riverside Avenue, Suite 150",Rialto,CA,92376
052864,3010 Del Sol Blvd.,San Diego,CA,92154
052865,10630 Santa Monica Blvd.,Los Angeles,CA,90025
052866,"1445 30th Street, Suite A and B",San Diego,CA,92154
052867,2710 E. Palmdale Blvd.,Palmdale,CA,93550
052868,"1135 S. Sunset Avenue, Suite 103",West Covina,CA,91790
052869,1643 E. Palmdale Blvd.,Palmdale,CA,93550
052871,2263 S. Depot Street,Santa Maria,CA,93455
052872,351 W. Florence Avenue,Los Angeles,CA,90003
052873,"375 Rolling Oaks Drive, Suite 100",Thousand Oaks,CA,91361
052874,205 KENWOOD WAY,SOUTH SAN FRANCISCO,CA,94080
052875,"9808 Venice Blvd., Suite 200",Culver City,CA,90232
052876,3012 OLIVE HIGHWAY,OROVILLE,CA,95966
052877,2115 EAST ONSTOTT ROAD,YUBA CITY,CA,95991
052878,"636 E. Brier Drive, Suite 150",San Bernardino,CA,92408
052879,"2020 S. Hacienda Blvd., Suite G",Hacienda Heights,CA,91745
052880,10116 Rosecrans Avenue,Bellflower,CA,90706
052882,"301 N. Prairie Avenue, Suite 100",Inglewood,CA,90301
052883,"292 Euclid Avenue, Suite 100",San Diego,CA,92114
052884,16417 E. Whittier Blvd.,Whittier,CA,90603
052885,6919 Paradise Valley Road,San Diego,CA,92139
052886,5961 University Avenue,San Diego,CA,92115
052887,"8911 LAKEWOOD DRIVE, STE.16",WINDSOR,CA,95492
052888,"2200 PLAZA PARKWAY,  SUITE B1-B4",MODESTO,CA,95350
052889,145 W. Victoria Street,Long Beach,CA,90805
052890,"44950 Valley Central Way, Suite 108",Lancaster,CA,93536
052891,1525 MERIDIAN AVENUE SUITE 101,SAN JOSE,CA,95125
052892,471 Nestles Road,Soledad,CA,93960
052893,9945 Lower Azusa Road,Temple City,CA,91780
052894,"46-767 Monroe Street, Suite 101",Indio,CA,92201
052895,32291 Mission Trail,Lake Elsinore,CA,92530
052896,"19222 Pioneer Blvd., Suite 101",Cerritos,CA,90703
052897,"2090 N. Tustin Avenue, Suite 100",Santa Ana,CA,92705
052898,16255 Laguna Canyon Road,Irvine,CA,92618
052899,2100 W 3rd St. Suite 110 and 105,Los Angeles,CA,90057
053501,"1825 4th Street, Room M5209",SAN FRANCISCO,CA,94143
053506,5040 W. Tulare Avenue,Visalia,CA,93277
053523,1675 SCOTT STREET,SAN FRANCISCO,CA,94115
053525,215 NORTH FRESNO STREET,FRESNO,CA,93701
053526,7783 SOUTH FREEDOM ROAD,FRENCH CAMP,CA,95231
053528,1721 TECHNOLOGY DRIVE DEPT #245,SAN JOSE,CA,95110
322310,2211 LOMAS BLVD NE BOX 256,ALBUQUERQUE,NM,87106
322500,1600 RANDOLPH SE STE 100,ALBUQUERQUE,NM,87106
322501,641 HARKLE RD,SANTA FE,NM,87505
322503,801 W BROADWAY,FARMINGTON,NM,87401
322504,11296 LOMAS BLVD NE,ALBUQUERQUE,NM,87112
322505,3875 FOOTHILLS RD,LAS CRUCES,NM,88011
322506,1500 INDIAN SCHOOL RD NE,ALBUQUERQUE,NM,87102
322507,1310 SUNSET LN,SILVER CITY,NM,88061
322508,2578 MEDICAL DR,ALAMOGORDO,NM,88310
322509,1760 GRANDE BLVD STE 100,RIO RANCHO,NM,87124
322510,1213 BONITA ST,GRANTS,NM,87020
322511,2800 PALMILLA RD,LOS LUNAS,NM,87031
322513,1420 CALLE DE LA MERCED,ESPANOLA,NM,87532
322514,1335 MAESTAS RD,TAOS,NM,87571
322515,US HIGHWAY 491 N,SHIPROCK,NM,87420
322516,814 W ADOBE DR,DEMING,NM,88030
322518,246 MILLS AVE,LAS VEGAS,NM,87701
322519,2801 N MAIN SUITE H,ROSWELL,NM,88201
322520,4045 JACKIE RD SE,RIO RANCHO,NM,87124
322521,2827 N DAL PASO STE 105,HOBBS,NM,88240
322522,2319 OSBORNE RD,CARLSBAD,NM,88220
322523,5200 San Mateo Blvd NE,Albuquerque,NM,87109
322524,I-40 EXIT 102,SAN FIDEL,NM,87049
322526,900 S SIXTH ST,RATON,NM,87740
322527,3961 E LOHMAN AVE STE 29,LAS CRUCES,NM,88011
322528,2525 S TELSHOR BLVD STE B,LAS CRUCES,NM,88011
322529,902 A WEST PIERCE,CARLSBAD,NM,88220
322530,905 LOUISIANA BLVD NE,ALBUQUERQUE,NM,87110
322531,5031 Indian School Rd NE,Albuquerque,NM,87110
322533,7555 ENCHANTED HILLS BLVD STE 102,RIO RANCHO,NM,87144
322534,725 HOSPITAL DR,GALLUP,NM,87301
322535,20 D Avenue,ZUNI,NM,87327
322536,STATE HWY 371 ROUTE 9,CROWNPOINT,NM,87313
322537,1903 W. Main Street,Artesia,NM,88210
322538,"2100 CALLE DE LA VUELTA, Suite A101",SANTA FE,NM,87505
322540,1801 RED ROCKS DR,GALLUP,NM,87301
322541,1725 isleta blvd SW,ALBUQUERQUE,NM,87105
322542,700 Lomas Blvd NE,ALBUQUERQUE,NM,87102
322543,14 EAST CORDOVA AVE,CUBA,NM,87103
322545,450 N MUNDO DR,DULCE,NM,87528
322546,3810 COMMONS AVE NE,ALBUQUERQUE,NM,87109
322547,3921 N. Calle Grande,HOBBS,NM,88240
322548,5751 MCMAHON BLVD NW,ALBUQUERQUE,NM,87114
322549,5201 SAN MATEO BLVD NE,ALBUQUERQUE,NM,87109
322550,4024 N PRINCE STREET,CLOVIS,NM,88101
322551,300 UNSER BLVD NW,ALBUQUERQUE,NM,87121
322552,1300 Enterprise Rd,SOCORRO,NM,87801
322553,121 TOWNSGATE PLAZA,CLOVIS,NM,88101
322554,1580 Highway 264,GALLUP,NM,87301
322556,10410 Copper Pointe Way NE,ALBUQUERQUE,NM,87123
322557,2904 Rodeo Park Drive East,SANTA FE,NM,87505
322558,8121 Central Ave NW,ALBUQUERQUE,NM,87121
322559,250 E Amador Avenue,Las Cruces,NM,88001
322560,5221 Las Soleras Drive,Santa Fe,NM,87507
322561,4525 Rowe Ave,Farmington,NM,87402
322563,4333 Pan American Freeway NE,Albuquerque,NM,87107
322564,2050 Knudsen Avenue,Farmington,NM,87401
322565,1415 Weimer Rd,Taos,NM,87571
322566,1020 Lenox Ave,Las Cruces,NM,88005
322567,735 W Animas St,Farmington,NM,87401
372308,6161 S YALE AVE,TULSA,OK,74136
372311,OU Children's Dialysis Unit,OKLAHOMA CITY,OK,73104
372500,7201 CHEROKEE PLAZA,WARR ACRES,OK,73132
372504,5636 E SKELLY DR,TULSA,OK,74135
372511,7221 E RENO AVE,MIDWEST CITY,OK,73110
372512,1373 E BOONE ST,TAHLEQUAH,OK,74464
372513,4409 N KICKAPOO AVE SUITE 113,SHAWNEE,OK,74804
372514,202 E BLUE STARR DR,CLAREMORE,OK,74017
372515,7800 NW 23RD ST STE A,BETHANY,OK,73008
372516,1710 N 9TH ST,BROKEN ARROW,OK,74012
372518,319 SW 59TH STREET,OKLAHOMA CITY,OK,73109
372520,5419 S WESTERN,OKLAHOMA CITY,OK,73109
372522,2635 W ELK AVE,DUNCAN,OK,73533
372523,EISENHOWER SQUARE,LAWTON,OK,73505
372527,1818 W LINDSEY ST,NORMAN,OK,73069
372529,309 E GRAHAM AVE,PRYOR,OK,74361
372530,925 NE EIGHTH ST,OKLAHOMA CITY,OK,73104
372531,1601 W 2ND ST,ELK CITY,OK,73644
372532,810 NW 10TH  STE B,OKLAHOMA CITY,OK,73106
372533,3807 N HARRISON,SHAWNEE,OK,74804
372536,2111 DENVER HARNER DR,MIAMI,OK,74354
372538,8260 S LEWIS,TULSA,OK,74137
372539,200 NE 50TH ST,OKLAHOMA CITY,OK,73105
372540,3107 NW 50th st,OKLAHOMA CITY,OK,73112
372544,1320 W VANDAMENT AVE,YUKON,OK,73099
372545,81143 HWY 59,STILWELL,OK,74960
372546,1124 S SAINT LOUIS AVE,TULSA,OK,74120
372547,2510 N MAIN,MIAMI,OK,74354
372548,201 S DELAWARE AVE,OKMULGEE,OK,74447
372549,2316 W SHAWNEE ST,MUSKOGEE,OK,74401
372552,1208 E HARTFORD,PONCA CITY,OK,74601
372553,310 S. HIGHLAND AVE,MIDWEST CITY,OK,73110
372555,909 18TH ST,WOODWARD,OK,73801
372556,"1921 W SIXTH ST, BLDG B",STILLWATER,OK,74074
372557,4516 SE LEE BLVD STE 108,LAWTON,OK,73501
372558,121 W OWEN K GARRIOTT,ENID,OK,73701
372559,1200 Central St,POTEAU,OK,74953
372560,9647 RIDGEVIEW ST,TULSA,OK,74131
372561,150 S 31ST,CLINTON,OK,73601
372562,1561 N PORTER AVE,NORMAN,OK,73071
372564,2 E CLARK BASS BLVD #101,MCALESTER,OK,74501
372565,411 WESTSIDE DR,DURANT,OK,74701
372566,3371 W BROADWAY,MUSKOGEE,OK,74401
372567,10921 EAST 81ST ST,TULSA,OK,74133
372570,5147 S GARNETT RD STE C,TULSA,OK,74146
372571,10301 GREENBRIAR PKWY,OKLAHOMA CITY,OK,73159
372572,228 S 29TH ST,CHICKASHA,OK,73018
372573,324 NW J.A. RICHARDSON LOOP,ADA,OK,74820
372574,924 SW 38TH ST,LAWTON,OK,73505
372575,414 SE 11TH,ANADARKO,OK,73005
372577,"13901 MCAULEY BLVD, STE 102",OKLAHOMA CITY,OK,73134
372579,1059 SE 82nd ST,OKLAHOMA CITY,OK,73149
372580,480 EUNICE BURNS RD,EUFAULA,OK,74432
372581,301 KATIE MICHELLE BLVD,EDMOND,OK,73034
372582,2617 CROSSROADS DR,ARDMORE,OK,73401
372585,9521 N OWASSO EXPY,OWASSO,OK,74055
372586,9913 E RENO AVE,OKLAHOMA CITY,OK,73130
372587,10205 N 110TH E AVE,OWASSO,OK,74055
372588,9320 E RENO AVE,OKLAHOMA CITY,OK,73130
372589,102 CRESTVIEW DR,HOLDENVILLE,OK,74848
372591,4800 W SAN ANTONIO ST STE 201,BROKEN ARROW,OK,74012
372592,305 South J T STITES ST,SALLISAW,OK,74955
372594,1515 N HARVARD STE D,TULSA,OK,74115
372595,2845 E Skelly Dr,TULSA,OK,74105
372596,1013 E CLEVELAND,SAPULPA,OK,74066
372597,3500 SE STATE ST,BARTLESVILLE,OK,74006
372598,1401 E BROADWAY,ALTUS,OK,73522
372600,1104 E LINCOLN ST,IDABEL,OK,74745
372602,1319 S LYNN LANE,IDABEL,OK,74745
372603,620 S. SANTA FE AVE,MOORE,OK,73160
372604,1110 SW B AVE,LAWTON,OK,73501
372606,402 S WALL STREET,WAGONER,OK,74467
372609,450 N EASTERN AVE,OKLAHOMA CITY,OK,73160
372610,5230 S MINGO RD,TULSA,OK,74146
372611,6917 N MAY AVE,OKLAHOMA CITY,OK,73116
372613,9310 EAST 91st STREET,TULSA,OK,74133
372614,215 S BRADY ST,CLAREMORE,OK,74017
372615,3012 NW 150TH ST,OKLAHOMA CITY,OK,73134
372616,3727 NW 63rd,Oklahoma City,OK,73116
372617,3100 SE 29th Street,Del City,OK,73115
372618,3727 NW 63rd St,Oklahoma City,OK,73116
372619,2201 N Glade Ave,Bethany,OK,73008
372620,3636 NW 63rd St,Oklahoma City,OK,73116
452309,6411 FANNIN ST,HOUSTON,TX,77030
452333,6621 FANNIN STREET STE 610,HOUSTON,TX,77030
452344,1935 Medical District Drive,DALLAS,TX,75235
452358,801 SEVENTH AVE,FORT WORTH,TX,76104
452372,333 NORTH SANTA ROSA STREET,SAN ANTONIO,TX,78207
452374,1000 GARLAND JOHNSTON DRIVE,VERNON,TX,76384
452378,2349 Medical Drive,Pecos,TX,79772
452379,2150 S. FM 51,DECATUR,TX,76234
452380,3533 ALAMEDA,CORPUS CHRISTI,TX,78411
452385,910 REAR  OAK LANE,CHILDRESS,TX,79201
452388,4502 MEDICAL DRIVE,SAN ANTONIO,TX,78229
452389,21216 NORTHWEST FWY STE 320,Cypress,TX,77429
452391,9835 N Lake Creek Parkway,Austin,TX,78717
452500,9126 Eastex Freeway,HOUSTON,TX,77093
452506,6630 QUAKER AVE,LUBBOCK,TX,79413
452507,9010 CULEBRA RD,SAN ANTONIO,TX,78251
452508,1325 EAST QUEBEC,MCALLEN,TX,78503
452510,1600 NINTH STREET,WICHITA FALLS,TX,76301
452511,1802 PINE ST,ABILENE,TX,79601
452512,3302 GOLF COURSE ROAD,MIDLAND,TX,79703
452513,5920 AMARILLO BLVD WEST,AMARILLO,TX,79106
452514,2733 SWANTNER DR,CORPUS CHRISTI,TX,78404
452517,350 N EXPRESSWAY,BROWNSVILLE,TX,78521
452519,9623 LONG POINT RD,HOUSTON,TX,77055
452520,5920 BROADWAY,GALVESTON,TX,77551
452522,1340 Wonder World Drive,SAN MARCOS,TX,78666
452524,1020 N 14th Street,BEAUMONT,TX,77702
452526,2329 N 39TH,WACO,TX,76708
452528,4309 MESA DR,DENTON,TX,76207
452530,11430 E FREEWAY,HOUSTON,TX,77029
452532,815 E FIRST ST,TYLER,TX,75701
452533,8537 GULF FREEWAY,HOUSTON,TX,77017
452537,2345 ALICE REGIONAL BLVD,ALICE,TX,78332
452539,9449 GROGANS MILL RD,THE WOODLANDS,TX,77380
452540,1819 GARNER FIELD RD,UVALDE,TX,78801
452541,3065 MEGAN STREET,EAGLE PASS,TX,78852
452542,2510 B. F. Terry Blvd.,ROSENBERG,TX,77471
452544,1335 SE MILITARY DR,SAN ANTONIO,TX,78214
452546,716 Hill Country Drive,KERRVILLE,TX,78028
452550,1640 Briarcrest Drive,BRYAN,TX,77802
452552,5502 Medical Parkway Dr.,TEXARKANA,TX,75503
452553,1321 W 2ND AVE,CORSICANA,TX,75110
452556,1274 S Market,Carthage,TX,75633
452557,608 N BEDELL AVE,DEL RIO,TX,78840
452559,110 SOUTH PARK DRIVE,BROWNWOOD,TX,76801
452560,7011 REGENCY SQUARE BLVD,HOUSTON,TX,77036
452561,1625 NORTH STORY ROAD,IRVING,TX,75061
452563,6324 Meadowbrook Dr,Fort Worth,TX,76120
452568,2710 Avenue Q,LUBBOCK,TX,79411
452570,6700 RANDOLPH BLVD,LIVE OAK,TX,78233
452571,7515 BARLITE BLVD,SAN ANTONIO,TX,78224
452572,5610 ALMEDA ROAD,HOUSTON,TX,77004
452574,5435 ALDINE MAIL ROUTE,HOUSTON,TX,77039
452575,2202 ROLLINGBROOK,BAYTOWN,TX,77521
452576,8303 CREEK BEND,HOUSTON,TX,77071
452577,3050 LIBERTY AVE,BEAUMONT,TX,77702
452579,501 COLLEGE AVENUE,FORT WORTH,TX,76104
452580,203 W RANDOL MILL RD,ARLINGTON,TX,76011
452582,711 B South Clay Street,ENNIS,TX,75119
452583,1809 FOREST RIDGE DRIVE,BEDFORD,TX,76022
452584,900 SOUTH LOOP WEST STE. 100,HOUSTON,TX,77054
452585,1614 E COMMERCIAL DRIVE,WESLACO,TX,78599
452587,4530 CALLAGHAN ROAD,SAN ANTONIO,TX,78228
452592,3415 S COOPER STREET,ARLINGTON,TX,76015
452594,4804 BRYANT IRVIN COURT,FORT WORTH,TX,76107
452595,305 NORTH FRIO,SAN ANTONIO,TX,78207
452598,628 S JEFFERSON AVE,MOUNT PLEASANT,TX,75455
452602,621 RADAM LN,AUSTIN,TX,78745
452604,501 BIRDWELL LANE,BIG SPRING,TX,79720
452605,1620 SOMERSET RD,SAN ANTONIO,TX,78211
452609,1550 LIVE OAK,WEBSTER,TX,77598
452610,1803 N DEVELOPMENT BLVD,BELLMEAD,TX,76705
452611,2260  SOUTH SYCAMORE STREET,PALESTINE,TX,75801
452615,803 CASTROVILLE,SAN ANTONIO,TX,78237
452616,411 NORTH GENERAL MCMULLEN,SAN ANTONIO,TX,78237
452618,1138 S BOWEN ROAD,ARLINGTON,TX,76013
452619,1647 South Alameda,CORPUS CHRISTI,TX,78404
452620,2213 South Brahma Blvd,KINGSVILLE,TX,78363
452622,207 TRADEWINDS BLVD,MIDLAND,TX,79706
452623,731 CARNOUSTIE DRIVE #101,SAN ANTONIO,TX,78258
452624,1301 S WASHINGTON AVE,MARSHALL,TX,75670
452626,1561 IH 35 North,NEW BRAUNFELS,TX,78130
452629,726 S FORT HOOD ST,KILLEEN,TX,76541
452630,3825 COUNTY ROAD 69,Robstown,TX,78380
452631,5131 MEDICAL DRIVE,SAN ANTONIO,TX,78229
452633,222 E SINTON BLVD,SINTON,TX,78387
452635,4201 GULF FREEWAY,LA MARQUE,TX,77568
452636,1615 E EXPY 83,MISSION,TX,78572
452638,4626 E SOUTHCROSS BLVD,SAN ANTONIO,TX,78222
452639,1520 W Frank Ave,LUFKIN,TX,75904
452640,10767 GATEWAY WEST,EL PASO,TX,79935
452641,2815 HIGHWAY 36 SOUTH,BRENHAM,TX,77833
452642,10985 NORTHWEST FREEWAY,HOUSTON,TX,77092
452644,160 JACK BURTON RD,CLEBURNE,TX,76031
452645,709 S COMMERCIAL,ARANSAS PASS,TX,78336
452646,22118 MARKET PLACE DR STE 100,New Caney,TX,77357
452647,777 SHELDON ROAD,CHANNELVIEW,TX,77530
452648,1600 WATERS RIDGE DRIVE,LEWISVILLE,TX,75057
452651,1310 MURCHISON DRIVE,EL PASO,TX,79902
452654,411 LINDBERG AVENUE,MCALLEN,TX,78501
452655,1600 CENTRAL DRIVE,BEDFORD,TX,76022
452656,501 COLLEGE AVENUE,FORT WORTH,TX,76104
452658,1405 VICTORIA STATION DRIVE,VICTORIA,TX,77901
452660,533 N 25 MILE AVE STE A,HEREFORD,TX,79045
452661,209 WEST PARK DRIVE,LIVINGSTON,TX,77351
452663,521 IH 45 S,HUNTSVILLE,TX,77340
452664,2787 PHARMACY RD,RIO GRANDE CITY,TX,78582
452665,123 N. US HWY 75,DENISON,TX,75020
452666,2533 CENTRAL PALM DR,RIO GRANDE CITY,TX,78582
452667,9350 KIRBY DRIVE   #110,HOUSTON,TX,77054
452669,1003 N CLEVELAND ST,Dayton,TX,77535
452671,8925 HWY 6 NORTH,HOUSTON,TX,77095
452672,910 SOUTH UTAH,WESLACO,TX,78596
452673,1720 E HIGHWAY 97,JOURDANTON,TX,78026
452674,1225 E CLIFF DRIVE,EL PASO,TX,79902
452675,380 W LITTLE YORK RD,HOUSTON,TX,77076
452676,8560 MONROE,HOUSTON,TX,77061
452677,610 SOUTH  WAYSIDE DR,HOUSTON,TX,77011
452678,8621 Fulton St,HOUSTON,TX,77022
452679,1150 N BISHOP,DALLAS,TX,75208
452682,2280 SPRINGLAKE ROAD,FARMERS BRANCH,TX,75234
452684,7610 MILITARY PARKWAY,DALLAS,TX,75227
452685,909 GROSS RD,MESQUITE,TX,75149
452686,3420 AVE K,PLANO,TX,75074
452687,314 South Hampton Rd,Dallas,TX,75208
452688,6300 SAMUEL BLVD,DALLAS,TX,75228
452689,1210 ALSTON,FORT WORTH,TX,76104
452690,1901 NORTHWEST HWY,GARLAND,TX,75041
452692,901 MEDICAL CENTER BLVD,ALICE,TX,78332
452693,2613 SWISS AVE,DALLAS,TX,75204
452694,7215 INTERSTATE HWY 30,GREENVILLE,TX,75402
452696,5310 BURNET ROAD,AUSTIN,TX,78756
452697,1111 W LEDBETTER DRIVE,DALLAS,TX,75224
452699,4111 CAMP WISDOM RD,DALLAS,TX,75237
452702,9840 NORTH CENTRAL EXPRESSWAY,DALLAS,TX,75231
452703,8101 BROOKRIVER DRIVE,DALLAS,TX,75247
452707,7200 GATEWAY BLVD E,EL PASO,TX,79915
452708,233 Interstate 45 North,CONROE,TX,77304
452709,12121 WESTHEIMER  RD   STE 245,HOUSTON,TX,77077
452710,413B LOOP 59,ATLANTA,TX,75551
452711,12221 RENFERT WAY,AUSTIN,TX,78758
452714,1203 St Claire Blvd Ste 10B,Mission,TX,78572
452715,4300 S PADRE ISLAND DR,CORPUS CHRISTI,TX,78411
452718,1805 POINT WEST PARKWAY,AMARILLO,TX,79124
452719,2025 FORT WORTH HIGHWAY,WEATHERFORD,TX,76086
452720,7281 Alameda Ave,El Paso,TX,79905
452722,626 MERIDA,SAN ANTONIO,TX,78207
452727,2800 S IH 35 SUITE 120,AUSTIN,TX,78704
452728,1425 BLALOCK STE 100,HOUSTON,TX,77055
452731,"202 East Ft. Worth, St.",CLEVELAND,TX,77327
452732,910 GUADALUPE ST SUITE B,LAREDO,TX,78040
452733,208 Live Oak Way,Floresville,TX,78114
452734,1406 NORTH SARAH DEWITT DR,GONZALES,TX,78629
452735,4112 S STAPLES STE AB,CORPUS CHRISTI,TX,78411
452736,204 EAST AIRPORT FREEWAY,IRVING,TX,75062
452737,2945 CENTRAL BLVD,BROWNSVILLE,TX,78520
452738,6830 CAPITOL ST,HOUSTON,TX,77011
452739,3650 N BUCKNER BLVD 108,DALLAS,TX,75228
452740,1305 N OAK ST,PEARSALL,TX,78061
452741,1382 LOMALAND DR,EL PASO,TX,79935
452742,1905 NW FRONTAGE RD,BEEVILLE,TX,78102
452743,27720 A TOMBALL PKY,TOMBALL,TX,77375
452744,3110 H G Mosley Pkwy,Longview,TX,75605
452745,4901 E SAM HOUSTON PKWY S,PASADENA,TX,77505
452747,1313 SE MILITARY DR,SAN ANTONIO,TX,78214
452748,633 Stone Ave,PARIS,TX,75460
452749,10737 GATEWAY W STE 100,EL PASO,TX,79935
452750,2254 HOLCOMBE BLVD,HOUSTON,TX,77030
452751,3710 FM 1889,Robstown,TX,78380
452752,4121 DENTON HWY,HALTOM CITY,TX,76117
452753,602 HWY 6 SOUTH,MARLIN,TX,76661
452754,3567 PALMER HWY,TEXAS CITY,TX,77590
452755,11621 KATY FREEWAY,HOUSTON,TX,77079
452757,8900 EMMETT F. LOWRY EXP,TEXAS CITY,TX,77591
452758,1211 East Cliff Drive,EL PASO,TX,79902
452760,2545 PERRYTON PKY STE E1,PAMPA,TX,79065
452761,403 W GRAND PKWY S,KATY,TX,77494
452762,9110 JONES RD,HOUSTON,TX,77065
452763,3730 DRYDEN RD,PORT ARTHUR,TX,77642
452764,3902 S. Jackson Rd.,EDINBURG,TX,78539
452765,205 22nd Street,HONDO,TX,78861
452767,5406 SOUTH JACKSON ROAD,EDINBURG,TX,78539
452768,2001 E BOWIE AVE,CROCKETT,TX,75835
452769,1250 Dacy Lane,KYLE,TX,78640
452772,2625 S LOOP 35 STE 154,ALVIN,TX,77511
452773,655 West Illinois AVE STE 701,DALLAS,TX,75224
452774,1724 W US HIGHWAY 82 STE 100,SHERMAN,TX,75092
452776,3101 NORTH 4TH ST,LONGVIEW,TX,75605
452777,805 CAMDEN ST,SAN ANTONIO,TX,78215
452778,3819 CARTWRIGHT RD,MISSOURI CITY,TX,77459
452779,1499 E OLD SETTLERS BLVD,ROUND ROCK,TX,78664
452780,9980 WEST SAM HOUSTON PKWY SOUTH,HOUSTON,TX,77099
452781,11701 TOEPPERWEIN RD,LIVE OAK,TX,78233
452782,409 S. 7TH STREET,CARRIZO SPRINGS,TX,78834
452784,72 CYPRESS CREEK PKWY,HOUSTON,TX,77090
452785,3600 WEST ERWIN,TYLER,TX,75702
452786,1673 CARTWRIGHT ROAD,MISSOURI CITY,TX,77459
452787,"607 TIMBERDALE LANE, SUITE 100",HOUSTON,TX,77090
452788,134 ELMHURST DRIVE,KYLE,TX,78640
452789,1801 EAST 51ST STREET,AUSTIN,TX,78723
452790,10000 METRIC BLVD,AUSTIN,TX,78758
452791,4731 N.E. STALLINGS,NACOGDOCHES,TX,75965
452792,1126 SLIDE RD.,LUBBOCK,TX,79416
452793,"351 SOUTH VIRGINIA AVE, SUITE 300",TERRELL,TX,75160
452794,2213 OLD KEMP HIGHWAY,KAUFMAN,TX,75142
452796,10134 HUEBNER ROAD,SAN ANTONIO,TX,78240
452797,"1701 W. BEN WHITE BLVD, SUITE #180",AUSTIN,TX,78704
452798,798 Generations Drive,NEW BRAUNFELS,TX,78130
452799,4201 E BERRY,FORT WORTH,TX,76105
452800,2222 MORGAN AVE #104,CORPUS CHRISTI,TX,78405
452801,13311 PIKE ROAD,STAFFORD,TX,77477
452802,280 STRICKLAND DRIVE,ORANGE,TX,77630
452803,1002 HWY 79 NORTH,HENDERSON,TX,75652
452805,1030 E. Hwy. 377,GRANBURY,TX,76048
452806,2915 SAULSBURY,TEMPLE,TX,76504
452808,3748 MEEKS DR,Orange,TX,77632
452809,3100 N STANTON,EL PASO,TX,79902
452811,116 GALLERY CIRCLE #102,SAN ANTONIO,TX,78258
452812,1220 S PALESTINE STREET,ATHENS,TX,75751
452813,10501 GATEWAY BLVD W STE 610,EL PASO,TX,79925
452814,1831 HARROUN,MCKINNEY,TX,75069
452816,8840 TRADEWAY,SAN ANTONIO,TX,78217
452817,4302 SESAME DRIVE,HARLINGEN,TX,78550
452819,251 UNIVERSITY DR,FORT WORTH,TX,76107
452820,1301 EAST RIDGE ROAD,MCALLEN,TX,78503
452821,4653 BINZ ENGLEMAN ROAD,KIRBY,TX,78219
452822,3402 North Buckner Blvd,Dallas,TX,75228
452823,6801 MCPHERSON ROAD,LAREDO,TX,78041
452825,423 OLD AUSTIN HIGHWAY,BASTROP,TX,78602
452826,1300  S. ROGERS STREET,WAXAHACHIE,TX,75165
452827,1515 N US HWY 281 STE 211,Marble Falls,TX,78654
452828,8700 N STEMMONS FWY STE 135,DALLAS,TX,75247
452829,3939  MEDICAL DRIVE,SAN ANTONIO,TX,78229
452830,930 MARVIN HANCOCK DRIVE,JASPER,TX,75951
452831,730 W. HIGHWAY 6,WACO,TX,76712
452832,300 S Park Blvd,Grapevine,TX,76051
452833,1265 ROCK CANYON DR,KATY,TX,77450
452834,1914 Caroline Street,HOUSTON,TX,77002
452835,1085 S. 23rd STREET,BEAUMONT,TX,77707
452836,1502 Midlane Dr Ste 101,HARLINGEN,TX,78552
452837,4625 CENTER ST,DEER PARK,TX,77536
452838,1978 EPHRIHAM AVENUE,FORT WORTH,TX,76164
452840,8515 Fannin Street,HOUSTON,TX,77054
452841,304 Epps Street,Center,TX,75935
452842,1301 BARBARA  JORDAN BLVD,AUSTIN,TX,78723
452844,3800 HUGHES COURT,DICKINSON,TX,77539
452845,6516  BROADWAY,PEARLAND,TX,77581
452846,"1900 N. EXPRESSWAY, SUITE E",BROWNSVILLE,TX,78521
452847,24968 KATY RANCH RD UNIT 500,KATY,TX,77494
452848,3304 OLTON ROAD,PLAINVIEW,TX,79072
452849,301 Greenville Hwy,Mineola,TX,75773
452850,1830 BROADWAY,PEARLAND,TX,77581
452851,230 KNOLLWOOD DR,SAN ANTONIO,TX,78227
452853,4151 JAIME ZAPATA MEMORIAL HWY,LAREDO,TX,78046
452855,1006 NORTH CARRIER PARKWAY,GRAND PRAIRIE,TX,75050
452856,8797 9TH AVENUE,PORT ARTHUR,TX,77642
452857,6200 LBJ FREEWAY SUITE 100,DALLAS,TX,75240
452859,908 STATE HWY 456,JACKSONVILLE,TX,75766
452861,2009 HOSPITAL PLACE,ABILENE,TX,79606
452862,4740 W BELLFORT AVE. STE A,HOUSTON,TX,77035
452863,550 S CARRIER PARKWAY,GRAND PRAIRIE,TX,75051
452864,134 CAMINO DE ORO,SAN ANTONIO,TX,78224
452865,6945 ALAMO DOWNS PARKWAY,SAN ANTONIO,TX,78238
452866,8604 SOUTH COULTER STREET,AMARILLO,TX,79119
452867,510  S. SW LOOP 323,TYLER,TX,75702
452869,13855 SOUTHWEST FREEWAY,SUGAR LAND,TX,77478
452870,1005 S. AIRPORT DRIVE,WESLACO,TX,78596
452872,2000 S. CYNTHIA STREET,MCALLEN,TX,78503
452873,1216 E 8TH ST,ODESSA,TX,79761
452875,7115 NORTH LOOP EAST,HOUSTON,TX,77028
452880,8325 Beechnut,HOUSTON,TX,77036
452881,16010 PARK VALLEY DRIVE,ROUND ROCK,TX,78681
452882,3824 TROUP HIGHWAY,TYLER,TX,75703
452883,"3826 TROUP HIGHWAY, SUITE # L",TYLER,TX,75703
452885,2403 STATE HIGHWAY 42 N,KILGORE,TX,75662
452886,5989 SOUTH LOOP EAST,HOUSTON,TX,77033
452887,4240 INTERNATIONAL PARKWAY,CARROLLTON,TX,75007
452889,1105 EAST BROADWAY ST,CUERO,TX,77954
452890,206 CONQUEST BLVD,EDINBURG,TX,78539
452891,812 US HIGHWAY 271 N,GILMER,TX,75644
452892,6114 SOUTH 1ST STREET,AUSTIN,TX,78745
452893,913 E. PINECREST DRIVE,MARSHALL,TX,75670
452895,7831 WESTCHASE,SAN ANTONIO,TX,78238
452896,1800 HWY 157 N.,MANSFIELD,TX,76063
452897,510 US Hwy 271 N,GILMER,TX,75644
452898,2010 SOUTH LOOP 336 WEST,CONROE,TX,77304
453500,701 S ZARZMORA,SAN ANTONIO,TX,78207
453501,3701 SCOTT & WHITE DRIVE,KILLEEN,TX,76543
453502,2601 THORTON LANE,TEMPLE,TX,76508
453503,2120 NORTH MAYS ST,ROUND ROCK,TX,78664
453504,1407 FAIR AVENUE,SAN ANTONIO,TX,78223
453509,2201 SOUTH W.S. YOUNG DRIVE,KILLEEN,TX,76543
453511,3601 N MacGregor Way STE 1306,HOUSTON,TX,77004
453512,"3750 COMMERCIAL AVE,  #110",SAN ANTONIO,TX,78221
453516,1120 EAST RIDGE ROAD,MCALLEN,TX,78503
453517,2300 WEST COMMERCE ST,EASTLAND,TX,76448
453519,4201 Brook Spring Drive,Dallas,TX,75244
453521,820 N 19TH ST,ABILENE,TX,79601
453522,6146 Wurzbach Road,San Antonio,TX,78238
453523,1805 NE Mustang Drive,Andrews,TX,79714
502306,4800 SAND POINT WAY NE OC.9.820,SEATTLE,WA,98105
502500,715 ALDER ST,SEATTLE,WA,98104
502501,410 BIRCHWOOD  SUITE 100,BELLINGHAM,WA,98225
502502,2613 WHEATON WAY,BREMERTON,WA,98310
502503,1005 PACIFIC AVE,EVERETT,WA,98201
502504,5820 Road 68,Pasco,WA,99301
502505,"1474 112TH AVE NE, SUITE 100",BELLEVUE,WA,98004
502507,"2150 N 107TH, SUITE 160",SEATTLE,WA,98133
502508,602 OAKESDALE AVE SW,RENTON,WA,98057
502509,"17900 INTERNATIONAL BLVD S, STE 301",SEATAC,WA,98188
502510,707 South Chase Street,Port Angeles,WA,98362
502513,1015 S 348TH ST,FEDERAL WAY,WA,98003
502514,3220 PICARD PLACE,SUNNYSIDE,WA,98944
502516,11327 NE 120TH ST,KIRKLAND,WA,98034
502517,135 Avery St,Walla Walla,WA,99362
502518,6600 West Rio Grande Avenue,KENNEWICK,WA,99336
502519,6111 Lakewood Towne CTR BLVD SW,Lakewood,WA,98499
502520,1501 WEST VALLEY HIGHWAY N,AUBURN,WA,98001
502521,21309 44TH AVE W,MOUNTLAKE TERRACE,WA,98043
502522,13118 NE Fourth Street,Vancouver,WA,98684
502523,12901 20th Ave South,SeaTac,WA,98168
502524,9105 HIGHWAY 99  STE 102,VANCOUVER,WA,98665
502525,"125 16TH AVE E, FL 5CSB",SEATTLE,WA,98112
502526,21851 84th Ave S,KENT,WA,98032
502527,610 S SHERMAN AVE SUITE 101,SPOKANE,WA,99202
502528,1116 E Westview Court,SPOKANE,WA,99218
502529,847 A East Broadway Ave,MOSES LAKE,WA,98837
502530,3406 12th Ave NE,OLYMPIA,WA,98506
502531,515 N Thornton St,ABERDEEN,WA,98520
502532,1476 OLNEY AVE SE,PORT ORCHARD,WA,98366
502533,800 JASMINE ST. SUITE 1,OMAK,WA,98841
502534,802 30th Ave SW,PUYALLUP,WA,98373
502535,1017 NORTH PINES RD,SPOKANE,WA,99206
502536,14524 BOTHELL WAY NE,LAKE FOREST PARK,WA,98155
502537,12610 E MIRABEAU PKWY SUITE 100,SPOKANE,WA,99216
502538,7701 N DIVISION STREET,SPOKANE,WA,99208
502539,1684 Bishop RD,CHEHALIS,WA,98532
502540,35131 SE DOUGLAS ST SUITE 113,SNOQUALMIE,WA,98065
502541,1221 N 16TH AVE,YAKIMA,WA,98902
502542,3535 FACTORIA BLVD SE  #150,BELLEVUE,WA,98006
502543,1236 AHTANUM RIDGE DR,UNION GAP,WA,98903
502544,2615 SW TRENTON ST,SEATTLE,WA,98126
502545,430 SE MIDWAY BLVD,OAK HARBOR,WA,98277
502546,18828 SMOKEY POINT BLVD,ARLINGTON,WA,98223
502547,601 WEST 5TH AVE STE 101,SPOKANE,WA,99204
502548,1872 N 13TH LOOP RD,SHELTON,WA,98584
502549,19472 POWDER HILL PL STE 100,POULSBO,WA,98370
502550,9120 NE VANCOUVER MALL DR SUITE 160,VANCOUVER,WA,98662
502551,3401 S 19TH ST,TACOMA,WA,98405
502552,2101 W DOLARWAY RD,ELLENSBURG,WA,98926
502553,25316 74TH AVE S STE 101,KENT,WA,98032
502554,10224 196TH ST CT E STE 300,GRAHAM,WA,98338
502555,335 COOPER POINT RD NW,OLYMPIA,WA,98502
502557,147 GARDEN HOMES DR,COLVILLE,WA,99114
502558,530 S 1ST AVE,OTHELLO,WA,99344
502559,1315 AARON DR,RICHLAND,WA,99352
502560,8130 EVERGREEN WAY STE C,EVERETT,WA,98203
502561,18001 BOTHELL EVERETT HWY STE 112,BOTHELL,WA,98012
502565,2500 SIMS WAY STE 102,PORT TOWNSEND,WA,98368
502566,311 140TH ST S,PARKLAND,WA,98444
502567,822 S MAIN,DEER PARK,WA,99006
502568,116 OLDS STATION RD,WENATCHEE,WA,98801
502569,300 COLORADO AVE,EAST WENATCHEE,WA,98802
502570,857 ROOSEVELT AVE E,ENUMCLAW,WA,98022
502571,823 ZILLAH WEST RD STE 300,ZILLAH,WA,98953
502572,3208 W 19TH AVE,KENNEWICK,WA,99337
502573,809 31ST ST,ANACORTES,WA,98221
502574,3921 SW 13TH AVE,BATTLE GROUND,WA,98604
502575,8770 TALLON LN NE,LACEY,WA,98516
502576,18121 149TH ST SE,MONROE,WA,98272
502577,1250 STATE AVE,MARYSVILLE,WA,98270
502578,855 TROSPER RD SW STE 110,TUMWATER,WA,98512
502579,1822 112TH ST EAST SUITE A,TACOMA,WA,98445
502581,145 CASCADE PLACE STE 100,BURLINGTON,WA,98233
502583,1930 Olympic HWY N,Shelton,WA,98584
502584,720 W MAIN ST STE 112,BATTLE GROUND,WA,98604
502585,31811 Pacific Hwy S,Federal Way,WA,98003
502586,4110 NE 4TH ST STE E,RENTON,WA,98059
502587,702 SOUTH HILL PARK DR,PUYALLUP,WA,98373
502588,4700 POINT FOSDICK DR NW STE 101,GIG HARBOR,WA,98335
502589,1415 E 72ND ST STE E,TACOMA,WA,98404
502590,5825 TACOMA MALL BLVD STE 103,TACOMA,WA,98409
502591,1115 REGENTS BOULEVARD,FIRCREST,WA,98466
502592,1815 Cooks Hill Rd,CENTRALIA,WA,98531
502593,33820 WEYERHAEUSER WAY S STE 100,FEDERAL WAY,WA,98001
502594,"501 South 336th St., Suite 110",FEDERAL WAY,WA,98003
502595,13619 Mukilteo Speedway Ste D-1,LYNNWOOD,WA,98087
502596,502 West 1st Street,WAPATO,WA,98951
502597,"6021 12TH STREET E, SUITE 110",FIFE,WA,98424
502598,208 Hospital Pkwy STE A,Mount Vernon,WA,98273
502599,600 Broadway St,Longview,WA,98632
502600,11950 47th Avenue SW,Lakewood,WA,98499
502601,4401 S. Trenton St,Seattle,WA,98118
502602,19663 State Route 410 E,Bonney Lake,WA,98391
502603,1010 SE Everett Mall Way,Everett,WA,98208
502604,1221 Highland Ave,Clarkston,WA,99403
502605,16290 Auto Lane,Sumner,WA,98390
502606,5240 W Lowell Ave.,Spokane,WA,99208
502607,5200 Yelm Hwy SE,Lacey,WA,98503
502609,3630 S CEDAR ST,TACOMA,WA,98409
502610,900 13th Ave SW,Quincy,WA,98848
502611,730 NW GILMAN BLVD C110,ISSAQUAH,WA,98027
502612,1330 N 16th Ave,Yakima,WA,98902
502613,16410 SMOKEY POINT BLVD STE 205,ARLINGTON,WA,98223
502614,10821 SE 204th Street,Kent,WA,98031
502615,6816 W Rio Grande Ave,Kennewick,WA,99336
502616,2214 Robbins St,Longview,WA,98632
502617,1501 O ST SW,AUBURN,WA,98001
502619,1859 MAIN ST #103,FERNDALE,WA,98248
502620,467 Beechwood St,Woodland,WA,98674
502621,1300 SW 7TH ST STE E100,RENTON,WA,98057
502622,3409 NW Camas Medows Dr,Camas,WA,98607
503700,484 CAMP ORKILA RD,EASTSOUND,WA,98245
552501,3932 Downing Avenue,Baldwin Park,CA,91706
552502,535 E. First Street,Tustin,CA,92780
552504,312 South Fairmont Avenue Suite A,LODI,CA,95240
552505,770 West Pinedale Ave,FRESNO,CA,93711
552506,"12711 Ramona Blvd., Suite 111",Irwindale,CA,91706
552507,"4955 Van Nuys Blvd., Suite 111",Sherman Oaks,CA,91403
552508,"19836 Ventura Blvd., Suite C",Woodland Hills,CA,91364
552509,10055 Whittwood Drive,Whittier,CA,90603
552510,141 PARKER STREET,VACAVILLE,CA,95688
552512,4510 OHARA AVENUE SUITE B,BRENTWOOD,CA,94513
552513,6035 University Avenue,San Diego,CA,92115
552514,"39510 PASEO PADRE PKWY, SUITE 100",FREMONT,CA,94538
552515,9850 Carmel Mountain Road,San Diego,CA,92129
552516,"11031 Via Frontera, Suite C",San Diego,CA,92127
552517,"1111 S. Arroyo Parkway, Suite 150",Pasadena,CA,91105
552518,1590 Scenic Avenue,Costa Mesa,CA,92626
552519,10294 ROCKINGHAM DRIVE,SACRAMENTO,CA,95827
552520,6090 W. Ramsey Street,Banning,CA,92220
552521,"7701 White Lane, Suite D",Bakersfield,CA,93309
552522,490 CHADBOURNE ROAD STE D,FAIRFIELD,CA,94534
552523,5608 NORTH PERSHING AVE,STOCKTON,CA,95207
552524,1315 TENTH STREET #100,MODESTO,CA,95354
552525,"451 S. Brand Blvd., Suite 100",San Fernando,CA,91340
552526,"1400 S. Grand Avenue, Suite 105",Los Angeles,CA,90015
552527,"12761 Harbor Blvd., Suite I-3",Garden Grove,CA,92840
552529,9281 OFFICE PARK CIRCLE #105,ELK GROVE,CA,95758
552530,2345 FOREST AVENUE,CHICO,CA,95928
552532,1221  Pacific Coast Highway,Harbor City,CA,90710
552533,1015 8TH STREET,MARYSVILLE,CA,95901
552535,1225 Willow Pass RD,Concord,CA,94520
552536,"1315 10TH STREET, SUITE 300",MODESTO,CA,95354
552537,180 NORTHPOINT DRIVE,REDDING,CA,96003
552538,638 S. Glendora Avenue,Glendora,CA,91740
552540,1451 SECRET RAVINE PARKWAY SUITE 130,ROSEVILLE,CA,95661
552541,894 Hardt Street,San Bernardino,CA,92408
552542,8139 ELK GROVE BOULEVARD SUITE 200,ELK GROVE,CA,95758
552543,"10672 Wexford Street, Suite 250",San Diego,CA,92131
552544,3214 Yorba Linda Blvd.,Fullerton,CA,92831
552545,4201 E. La Palma Avenue,Anaheim,CA,92807
552546,"2060 Otay Lakes Road, Suite 120",CHULA VISTA,CA,91913
552547,"18520 Via Princessa, Building C-1",Canyon Country,CA,91387
552549,333 University Avenue,SACRAMENTO,CA,95825
552550,2301 CIRCADIAN WAY SUITE B,SANTA ROSA,CA,95407
552551,"2438 N. Ponderosa Drive, Suite C-101",Camarillo,CA,93010
552552,"1335 Cypress Street, Suite 102",San Dimas,CA,91773
552553,11161 Magnolia Avenue,Riverside,CA,92505
552554,"751 Legion Road, Suite 100",Brawley,CA,92227
552555,3555 DEER PARK DRIVE SUITE 140,STOCKTON,CA,95219
552556,"320 James Way, Suite 110",Pismo Beach,CA,93449
552557,2455 SISTER MARY COLUMBA DRIVE,RED BLUFF,CA,96080
552558,1850 MILMONT DRIVE,MILPITAS,CA,95035
552559,1860 MILMONT DRIVE,MILPITAS,CA,95035
552560,480 REDWOOD STREET SUITE 40,VALLEJO,CA,94590
552561,"4765 Carmel Mountain Road, Suite 100",San Diego,CA,92130
552562,"8625 Liberty Park Drive, Suite 102",Bakersfield,CA,93311
552563,2666 NORTH GROVE INDUSTRIAL DRIVE SUITE 106,FRESNO,CA,93727
552564,501 E ALMOND AVENUE,MADERA,CA,93637
552566,512  CYPRESS STREET,FORT BRAGG,CA,95437
552567,"1310 Las Tablas Road, Suite 101",Templeton,CA,93465
552568,5220 E. Telford Street,East Los Angeles,CA,90022
552569,30 G0LDEN LAND COURT BUILDING G,SACRAMENTO,CA,95834
552571,14260 Schleisman Rd,Eastvale,CA,92880
552572,125 CORPORATE PLACE SUITE C,VALLEJO,CA,94590
552573,312 N. Azusa Avenue,Azusa,CA,91702
552574,5830 E. Whittier Blvd.,East Los Angeles,CA,90022
552575,"2705 Loma Vista Road, Suite 101",Ventura,CA,93003
552576,777 SOUTH HAM DRIVE SUITE L,LODI,CA,95242
552577,1801 EAST MARCH LANE SUITE A100,STOCKTON,CA,95210
552578,1722 Orange Tree Lane,Redlands,CA,92374
552579,1075 E. Pacific Coast Highway,Long Beach,CA,90806
552581,1768 MITCHELL ROAD SUITE 308,CERES,CA,95307
552582,2000 SOUTH EL CAMINO REAL 2ND FLOOR,SAN MATEO,CA,94403
552583,3100 Del Mar Avenue,Rosemead,CA,91770
552584,1422 W. 11th Street,Los Angeles,CA,90015
552585,3112 W. Beverly Blvd.,Montebello,CA,90640
552587,2629 Marconi Ave,Sacramento,CA,95821
552588,15736 Woodruff Avenue,Bellflower,CA,90706
552589,"1505 Wilson Terrace, Suite 190",Glendale,CA,91206
552590,"511 S. Harbor Blvd, Suite T",La Habra,CA,90631
552591,3450 INDUSTRIAL BOULEVARD SUITE 100,WEST SACRAMENTO,CA,95691
552592,1523 EAST MARCH LANE SUITE 200,STOCKTON,CA,95210
552593,"43932 15th Street, Suite 103",Lancaster,CA,93534
552594,"1116 W. Visalia Road, Suite 106",Exeter,CA,93221
552595,"23681 Via Linda, Suite E",MISSION VIEJO,CA,92691
552596,"1001 W. Sixth Street, Suite A",Ontario,CA,91762
552597,11147 Washington Blvd.,Whittier,CA,90606
552598,15330 Goldenwest Street,Westminster,CA,92683
552600,1040 DAVIS STREET SUITE 101,SAN LEANDRO,CA,94577
552601,"1407 E. Los Angeles Avenue, Suite G",Simi Valley,CA,93065
552603,1640 NORTH LINCOLN STREET,DIXON,CA,95620
552604,2208 KAUSEN DRIVE SUITE 100,ELK GROVE,CA,95758
552605,2710 TELEGRAPH AVENUE #205,OAKLAND,CA,94612
552606,1650 WEST YOSEMITE AVENUE,MANTECA,CA,95337
552608,2005 NAGLEE AVENUE,SAN JOSE,CA,95128
552609,1518 W. La Veta Avenue,Orange,CA,92868
552611,400 N WIGET LANE,WALNUT CREEK,CA,94598
552612,3071 GOLD CANAL DRIVE,RANCHO CORDOVA,CA,95670
552613,"2850 Inland Empire Blvd., Suite C",Ontario,CA,91764
552614,3744 Long Beach Blvd.,Long Beach,CA,90807
552616,"269 E. Caroline Street, Suite A",San Bernardino,CA,92408
552617,"3660 Park Sierra Drive, Suite 103",Riverside,CA,92505
552618,"2135 Montiel Road, Bldg. B",San Marcos,CA,92069
552622,22555 Alessandro Blvd.,Moreno Valley,CA,92553
552623,"3101 Pegasus Drive, Suite 100",Bakersfield,CA,93308
552624,11611 Bellflower Blvd.,Downey,CA,90241
552626,"14135 Main Street, Suite 501",Hesperia,CA,92345
552627,"3660 Park Sierra Dr, Suite 108",Riverside,CA,92505
552628,"10557 Juniper Avenue, Suite B",Fontana,CA,92337
552629,801 DAVIS STREET,SAN LEANDRO,CA,94577
552630,"17150 Euclid Street, Suite 111",Fountain Valley,CA,92708
552631,"1175 Baker Street, Suite B",Costa Mesa,CA,92626
552632,2156 WEST GRANT LINE ROAD #150,TRACY,CA,95377
552633,15555 EAST 14TH STREET SUITE 520,SAN LEANDRO,CA,94578
552635,7019 REALM DRIVE,SAN JOSE,CA,95119
552636,1536 E. 6th Street,Beaumont,CA,92223
552638,3201 DOOLAN ROAD SUITE 175,LIVERMORE,CA,94551
552639,"8333 Iowa Street, Suite 100",Downey,CA,90241
552640,3404 W. Beverly Blvd.,Montebello,CA,90640
552641,13063 Rosecrans Avenue,Santa Fe Springs,CA,90670
552642,2201 JUNIPERO SIERRA BOULEVARD. #A,DALY CITY,CA,94014
552644,900 N. Douty Street,Hanford,CA,93230
552645,"6121 N. THESTA ST., STE# 102",FRESNO,CA,93710
552646,6737 N. WILLOW BLDG C,FRESNO,CA,93710
552647,464 EAST YOSEMITE AVENUE STE B,MERCED,CA,95340
552648,811 STERLING PARKWAY,LINCOLN,CA,95648
552649,757 E. Wahington Blvd.,Los Angeles,CA,90021
552650,2517 JENSEN AVENUE BUILDING B,SANGER,CA,93657
552652,1450 S WHITE ROAD #30,SAN JOSE,CA,95127
552653,3376 NORTH HIGHWAY 59 SUITE I,MERCED,CA,95348
552655,"2205 W. Ross Avenue, Suite 3",El Centro,CA,92243
552657,801 S. San Gabriel Blvd.,San Gabriel,CA,91776
552659,2723 W. Temple St,Los Angeles,CA,90026
552660,3722 E. Colorado Blvd.,Pasadena,CA,91107
552661,1580 W. Rosecrans Avenue,Compton,CA,90220
552662,"1808 Verdugo Blvd., Suite 200",Glendale,CA,91208
552663,"7223 Church Street, Suite A-14",Highland,CA,92346
552664,1150 E LELAND ROAD,PITTSBURG,CA,94565
552665,1000 Marshall Street,REDWOOD CITY,CA,94063
552666,"228 N. Garfield Avenue, #301",Monterey Park,CA,91754
552667,5942 Rugby Avenue,Huntington Park,CA,90255
552669,2765 16th Street,San Francisco,CA,94103
552670,1040 HAMILTON COURT,MENLO PARK,CA,94025
552671,610 N. Eucalyptus Avenue,Inglewood,CA,90302
552672,1661 INDUSTRIAL PARKWAY WEST,HAYWARD,CA,94544
552673,"43576 Washington Street, Suite 101",La Quinta,CA,92253
552674,9325 Reseda Blvd.,Northridge,CA,91324
552675,"8239 Rochester Avenue, Suite 110",Rancho Cucamonga,CA,91730
552676,1821 W. Lincoln Avenue,Anaheim,CA,92801
552677,"340 4th Avenue, Suite 18",Chula Vista,CA,91910
552678,"3595 Van Buren Blvd., Suite 101",Riverside,CA,92503
552679,1345 W. Bush Street,Lemoore,CA,93245
552680,2163 COUNTRY HILLS DR,ANTIOCH,CA,94509
552682,159 2nd Ave,San Mateo,CA,94401
552683,8243 E STOCKTON BLVD Suite C,SACRAMENTO,CA,95828
552684,1900 Outlet Center Dr.,OXNARD,CA,93036
552685,"16060 CAPUTO DRIVE, SUITE 140",MORGAN HILL,CA,95037
552687,501 S. Brand Blvd.,San Fernando,CA,91340
552688,"4200 MACDONALD AVE., STE A",RICHMOND,CA,94805
552689,275 S ORCHARD,UKIAH,CA,95482
552690,20430 Hawthorne Blvd.,Torrance,CA,90503
552691,4141 Katella Avenue,Los Alamitos,CA,90720
552692,1666 W. Third Street,Los Angeles,CA,90017
552693,"17197 Newhope Street, Suite E",Fountain Valley,CA,92708
552694,"16506 Lakewood Blvd, Suite 100",Bellflower,CA,90706
552696,"930 East Dominguez Street, Suite A",Carson,CA,90746
552697,6300 Mack Rd,Sacramento,CA,95823
552698,2599 STEVENSON BLVD,FREMONT,CA,94538
552699,39355 CALIFORNIA ST,FREMONT,CA,94538
552700,30885 Date Palm Drive,Cathedral City,CA,92234
552701,14812 Oxnard Street,Van Nuys,CA,91411
552702,"560 E HERNDON AVE, STE 101",FRESNO,CA,93720
552703,1560 COUNTRY CLUB RD,MADERA,CA,93638
552704,590 E HARDING WAY,STOCKTON,CA,95204
552705,251 LATHROP WAY,SACRAMENTO,CA,95815
552706,"25251 Paseo de Alicia, Suite 105",Laguna Hills,CA,92653
552707,78030 Wildcat Drive Suite 101,Palm Desert,CA,92211
552708,17207 Jasmine Street,VICTORVILLE,CA,92395
552709,3140 Long Beach Blvd.,Long Beach,CA,90807
552711,"725 RIDDER PARK., STE 10",SAN JOSE,CA,95131
552712,"725 RIDDER PARK DR., STE 50",SAN JOSE,CA,95131
552713,"3 ROSSI CIRCLE, STE A",SALINAS,CA,93907
552714,1620 EAST CAPITOL EXPRESSWAY,SAN JOSE,CA,95121
552715,1702 ILLINOIS AVENUE,PERRIS,CA,92571
552716,74 CAMARITAS AVE,SOUTH SAN FRANCISCO,CA,94080
552717,255 2nd STREET,OAKLAND,CA,94607
552719,2001 JUNIPERO SERRA BLVD,DALY CITY,CA,94014
552720,2401 MERCED ST SUITE 110,SAN LEANDRO,CA,94577
552721,440 N. 11th Street,HANFORD,CA,93230
552722,1413 6th Street,COACHELLA,CA,92236
552723,614 Tully Rd,San Jose,CA,95111
552724,"3 ROSSI CIRCLE, STE B",SALINAS,CA,93907
552725,2128 SOQUEL AVENUE,SANTA CRUZ,CA,95062
552726,1147 PHELPS AVE,COALINGA,CA,93210
552727,11913 Firestone Blvd.,NORWALK,CA,90650
552728,"883 Patriot Drive, Suite C",Moorpark,CA,93021
552729,720 N. I ST.,MADERA,CA,93637
552730,6265 COMMERCE BLVD SUITE 156,ROHNERT PARK,CA,94928
552731,1290 TULLY RD SUITE 60,SAN JOSE,CA,95122
552732,"2082 Otay Lakes Road, Suite 101",CHULA VISTA,CA,91915
552733,"2001 JUNIPERO SERRA BLVD, SUITE 100",DALY CITY,CA,94014
552734,757 S. Raymond Avenue,PASADENA,CA,91105
552735,3201 Mall View Road,BAKERSFIELD,CA,93306
552736,1493 WEBSTER STREET,SAN FRANCISCO,CA,94115
552737,777 LAWRENCE EXPRESSWAY,SANTA CLARA,CA,95051
552738,275 DI SALVO AVE,SAN JOSE,CA,95128
552739,646 N. MARKET BLVD,SACRAMENTO,CA,95834
552740,510 E North Way,DINUBA,CA,93618
552741,841 & 847 W. Henderson Ave.,PORTERVILLE,CA,93257
552742,1936 East 1st Street,LOS ANGELES,CA,90033
552743,14251 WINCHESTER BLVD SUITE 100,LOS GATOS,CA,95032
552744,14204 Prairie Avenue,HAWTHORNE,CA,90250
552745,2391 Boswell Road,CHULA VISTA,CA,91914
552746,247 WEST EL CAMINO REAL SUITE 100,MOUNTAIN VIEW,CA,94040
552747,8231 EAST STOCKTON BLVD. SUITE A,SACRAMENTO,CA,95828
552748,"1545 MEADOWVIEW RD., SUITE 130-180",SACRAMENTO,CA,95832
552749,2551 MERCED ST,SAN LEANDRO,CA,94577
552752,"4207 BANGS AVENUE, SUITE 100",MODESTO,CA,95356
552753,902 Bear Mountain Blvd,ARVIN,CA,93203
552754,"4300 SONOMA BLVD, SUITE 25",VALLEJO,CA,94589
552755,"510 Superior Avenue, Suite 150",NEWPORT BEACH,CA,92663
552756,247 WEST EL CAMINO REAL SUITE 200,MOUNTAIN VIEW,CA,94040
552757,"8219 Rochester Avenue, Ste. 120",RANCHO CUCAMONGA,CA,91730
552759,1950 Sunnycrest Dr Ste 1300,FULLERTON,CA,92835
552760,3001 HEALTH CARE WAY,MODESTO,CA,95356
552761,"1700 California Street, Suite 260",SAN FRANCISCO,CA,94109
552762,2084 Otay Lakes Rd Ste 101,CHULA VISTA,CA,91915
552763,1800 NORTH TEXAS STREET,FAIRFIELD,CA,94533
552764,"3541 W 5th Street, Ste.A",OXNARD,CA,93030
552765,3001 HEALTH CARE WAY BLDG 200,MODESTO,CA,95356
552766,1324 S EUCLID STREET,ANAHEIM,CA,92802
552767,888 SOUTH BASCOM AVE,SAN JOSE,CA,95128
552768,"1700 KEYSTONE PACIFIC PARKWAY, SUITE A-1",PATTERSON,CA,95363
552769,422 Oak Street,BAKERSFIELD,CA,93304
552770,11883 Amethyst Road,VICTORVILLE,CA,92392
552771,"1836 SIERRA GARDENS DR., SUITE 150",ROSEVILLE,CA,95661
552772,1221 ROSSMOOR PKWY,WALNUT CREEK,CA,94595
552773,100 W. WASHINGTON BLVD.,MONTEBELLO,CA,90640
552774,2703 S TOWNE AVENUE,POMONA,CA,91766
552775,"2740 S. Bristol Street, Suite 110",SANTA ANA,CA,92704
552776,966 E. Hospitality Lane,SAN BERNARDINO,CA,92408
552777,8987 Laurel Canyon Blvd.,SUN VALLEY,CA,91352
552778,12151 San Fernando Rd.,Sylmar,CA,91342
552779,3380 SAN PABLO DAM RD STE. C-D,SAN PABLO,CA,94803
552780,"29878 Haun Road, Suite 100",MENIFEE,CA,92586
552781,13054 North Harbor Blvd.,GARDEN GROVE,CA,92843
552782,6655 N. MILBURN,FRESNO,CA,93722
552783,8420 Wilshire Blvd.,BEVERLY HILLS,CA,90211
552784,23441 Madison Street #320,TORRANCE,CA,90503
552785,"750 West Route 66, Suite Q",GLENDORA,CA,91740
552786,"3150 W. Lincoln Avenue, Suite 100",ANAHEIM,CA,92801
552787,721 W HUNTINGTON DRIVE,ARCADIA,CA,91007
552788,"1474 STONE POINT DRIVE, SUITE 105",ROSEVILLE,CA,95661
552789,4300 Von Karman,NEWPORT BEACH,CA,92660
552790,711 Valley Blvd.,TEHACHAPI,CA,93561
552791,"1405 Valley Blvd., Suite 100",COLTON,CA,92324
552792,"35 Casa Street, Suite 110",SAN LUIS OBISPO,CA,93405
552793,5807 Avalon Blvd.,LOS ANGELES,CA,90011
552794,1415 3RD STREET,SAN RAFAEL,CA,94901
552795,"3933 Coffee Road, Suite A",BAKERSFIELD,CA,93308
552796,4651 Corporate Court,BAKERSFIELD,CA,93311
552797,14945 WEST WHITEBRIDGE AVENUE,KERMAN,CA,93630
552798,499 Raven Street,SAN DIEGO,CA,92102
552799,1223 Pacific Coast Highway,HARBOR CITY,CA,90710
552800,"2080 Century Park East, Suite 210",LOS ANGELES,CA,90067
552801,2977 Redondo Avenue,LONG BEACH,CA,90806
552802,2624 STOCKTON BOULEVARD,SACRAMENTO,CA,95817
552803,1372 Mitchell Road,MODESTO,CA,95351
552804,1245 W PACHECO BLVD STE D,LOS BANOS,CA,93635
552805,27420 Iris Avenue,MORENO VALLEY,CA,92555
552806,1140 South Ben Maddox Way,VISALIA,CA,93292
552807,721 W 1st Street,TUSTIN,CA,92780
552808,1810 S. FRESNO AVE.,STOCKTON,CA,95206
552809,626 POTRERO AVE,SAN FRANCISCO,CA,94110
552810,"1145 West 6th Street, Suite 100",LOS ANGELES,CA,90017
552811,2700 GEARY BLVD. SUITE A,SAN FRANCISCO,CA,94118
552812,4200 N Golden State Blvd,TURLOCK,CA,95382
552813,587 N. Mountain Avenue,UPLAND,CA,91786
552814,4401 MACK ROAD,SACRAMENTO,CA,95823
552815,2403 S Vineyard Ave Suite D,ONTARIO,CA,91761
552816,1310 West Holt Avenue,ONTARIO,CA,91762
552817,8080 Limonite Avenue,JURUPA VALLEY,CA,92509
552818,1980 Cecil Avenue,DELANO,CA,93215
552819,23421 Lyons Avenue,VALENCIA,CA,91355
552820,1899 NORTH HELM AVE SUITE 101,FRESNO,CA,93727
552821,9848 Atlantic Avenue,SOUTH GATE,CA,90280
552822,390 S Fair Oaks Ave,PASADENA,CA,91105
552823,"8331 Brimhall Road Building 900, Suite 902",BAKERSFIELD,CA,93312
552825,"17125 Silica Drive, Suite 102",Victorville,CA,92395
552826,1180 W 6th Street,CORONA,CA,92882
552827,1450 KOOSER ROAD,SAN JOSE,CA,95118
552828,930 2nd AVENUE,MARINA,CA,93933
552829,4040 LONE TREE WAY,ANTIOCH,CA,94531
552830,1800 Medical Center Dr. Suite 150,SAN BERNARDINO,CA,92411
552832,"25210 Crenshaw Blvd., Suite 110",TORRANCE,CA,90505
552833,4450 182nd Street,REDONDO BEACH,CA,90278
552834,15002 Amargosa Road,VICTORVILLE,CA,92394
552835,21040 Califa St Suite A,WOODLAND HILLS,CA,91367
552836,623 South Central Avenue,GLENDALE,CA,91204
552837,"255 E. Bonita Avenue, Building 1 Ste 200",POMONA,CA,91767
552838,"44605 Avenida De Missiones, Suite 100",TEMECULA,CA,92592
552840,78030 Wildcat Dr. Ste 102,PALM DESERT,CA,92211
552841,4182 Oceanside Blvd,Oceanside,CA,92056
552842,1320 EL CAPITAN DR STE 210,DANVILLE,CA,94526
552843,"17875 Colima Rd, Suite A",City of Industry,CA,91748
552844,14434 Sherman Way,Van Nuys,CA,91405
552845,38454 5th Street West,Palmdale,CA,93551
552846,"12220 Perris Blvd, Ste A",Moreno Valley,CA,92557
552847,2980 ADVANTAGE WAY,SACRAMENTO,CA,95834
552848,3501 E CAPITOL EXPRESSWAY,SAN JOSE,CA,95122
552850,"2511 W 3rd Street, Suite 120",Los Angeles,CA,90057
552852,1611 W Whittier Blvd,La Habra,CA,90631
552853,19333 Business Center Drive,Northridge,CA,91324
552854,20821 Hawthorne Blvd,Torrance,CA,90503
552855,125 CORPORATE PLACE SUITE B,VALLEJO,CA,94590
552856,283 North Pearson Drive,Porterville,CA,93257
552857,966 East Ave,Chico,CA,95926
552858,4930 Paramount Blvd,Lakewood,CA,90712
552859,"3251 SOUTH WHITE ROAD, SUITE 10",SAN JOSE,CA,95148
552860,82900 Ave 42 Suite E,Indio,CA,92203
552861,400 N Palm Ave,Wasco,CA,93280
552863,210 BLUE RAVINE RD SUITE 100,FOLSOM,CA,95630
552864,2731 SYSTRON DRIVE SUITE 100,CONCORD,CA,94518
552865,2585 ALLUVIAL AVE,CLOVIS,CA,93611
552866,2350 MaryAnn Dr.,TURLOCK,CA,95380
552867,3219 Jefferson Street,NAPA,CA,94558
552868,"780 EAST WASHINGTON BLVD, BUILDING B",CRESCENT CITY,CA,95531
552869,"17762 Beach Blvd, Ste 120",Huntington Beach,CA,92647
552870,1899 N HELM AVE STE 102,FRESNO,CA,93727
552871,"2661 Oswell St, Suite B",Bakersfield,CA,93306
552872,2102 Main Street,Ramona,CA,92065
552873,1232 S Bristol St,Santa Ana,CA,92704
552874,"5101 White Ln, Suite A",Bakersfield,CA,93309
552877,12456 Beach Blvd,Stanton,CA,90680
552878,841 SAN BRUNO AVENUE WEST,SAN BRUNO,CA,94066
552879,17710 Roscoe Blvd,Northridge,CA,91325
552881,38910 Trade Center Drive,Palmdale,CA,93551
552883,21608 S Vermont Ave,Torrance,CA,90502
552884,8319 Alondra Blvd,Paramount,CA,90723
552885,6850 San Fernando Rd,Glendale,CA,91201
552886,16423 Sierra Lakes Pkwy,Fontana,CA,92336
552888,3716 GEARY BLVD.,SAN FRANCISCO,CA,94118
552889,14101 Francisquito Ave,Baldwin Park,CA,91706
552890,15060 Imperial Hwy,La Mirada,CA,90638
552891,1382 Locust St,Pasadena,CA,91106
552892,31001 Rancho Viejo Rd Ste 100,San Juan Capistrano,CA,92675
552896,20930 Chico St,Carson,CA,90746
552897,1201 W 155th Street,Gardena,CA,90247
552898,1492 CONSTITUTION BLVD,SALINAS,CA,93905
552899,7275 Indiana Ave #100,Riverside,CA,92504
672500,450 THIS WAY STREET Suite A,LAKE JACKSON,TX,77566
672501,5800 WOODROW BEAN,EL PASO,TX,79924
672502,1200 ST CLAIRE BLVD,MISSION,TX,78572
672503,11515 MARKET STREET RD,Houston,TX,77029
672504,1724 BIRMINGHAM ROAD,COLLEGE STATION,TX,77845
672505,2223 Singleton Blvd,Dallas,TX,75212
672506,"2011 E. HOUSTON, SUITE 102D",SAN ANTONIO,TX,78202
672507,19910 INTERSTATE 35 S,Lytle,TX,78052
672509,6107 FM 2100,CROSBY,TX,77532
672510,8119 SOUTH FLORES STREET,SAN ANTONIO,TX,78221
672514,910 NORTH MCCULLOUGH STREET,SAN BENITO,TX,78586
672515,5284 MEDICAL DRIVE,SAN ANTONIO,TX,78229
672517,5000 CAMPUS DRIVE,FORT WORTH,TX,76119
672519,4602 E. SOUTHCROSS BLVD,SAN ANTONIO,TX,78222
672520,2424 WEST PLEASANT RUN RD,LANCASTER,TX,75146
672521,803 CASTROVILLE ROAD,SAN ANTONIO,TX,78237
672522,212 GULF FWY S,LEAGUE CITY,TX,77573
672523,2391 NE LOOP 410,SAN ANTONIO,TX,78217
672524,102 E. HOSPITAL DRIVE,ANGLETON,TX,77515
672526,3250 W PLEASANT RUN ROAD,LANCASTER,TX,75146
672529,12430 STATE HIGHWAY 249 STE H,HOUSTON,TX,77086
672530,1507 HILLVIEW,HILLSBORO,TX,76645
672531,1651 W. NORTHWEST HWY,GRAPEVINE,TX,76051
672532,915 S Laredo St,SAN ANTONIO,TX,78204
672534,3307 Bob Rogers Drive,EAGLE PASS,TX,78852
672536,7933 N MESA ST,EL PASO,TX,79932
672538,"12120 JONES ROAD, SUITE G",HOUSTON,TX,77070
672540,900 N. POLK STREET #146,DESOTO,TX,75115
672541,734 NORTH ALAMO ROAD,ALAMO,TX,78516
672542,4405 TRADITION TRAIL,PLANO,TX,75093
672543,504 SANTE FE,WEATHERFORD,TX,76086
672544,1401 MEDICAL DR,SULPHUR SPRINGS,TX,75482
672545,"2201 N BEDELL, SUITE D",DEL RIO,TX,78840
672546,2530 JACKSBORO HWY,FORT WORTH,TX,76114
672548,1544 VALWOOD PARKWAY,CARROLLTON,TX,75006
672549,4978 HIGHWAY 6 N,HOUSTON,TX,77084
672550,325 MATLOCK RD STE 120,MANSFIELD,TX,76063
672551,1900 NORTH LOOP W STE 200,HOUSTON,TX,77018
672552,100 WEST HUNTINGTON,BEEVILLE,TX,78102
672554,"6455 HILLTOP DR,  SUITE 112",NORTH RICHLAND HILLS,TX,76180
672555,776 E CENTERVILLE ROAD,GARLAND,TX,75041
672556,615 EAST QUINCY ST.,SAN ANTONIO,TX,78215
672557,400 E. EDINBURG BLVD,ELSA,TX,78543
672558,11989 PELLICANO DRIVE,EL PASO,TX,79936
672559,5127 OLD GRANBURY ROAD,FORT WORTH,TX,76133
672560,9660 FM 1960 BYPASS RD W,HUMBLE,TX,77338
672561,4407 YOAKUM BLVD,HOUSTON,TX,77006
672562,9001 Kirby Drive,Houston,TX,77054
672563,1595 SOUTH MAIN SUITE 107,BOERNE,TX,78006
672564,"5148 SOUTH LANCASTER, SUITE B",DALLAS,TX,75241
672565,1202 CENTRAL TEXAS EXPRESSWAY,LAMPASAS,TX,76550
672566,4602 BENCHA ROAD,LAREDO,TX,78041
672568,6551 HARRIS PARKWAY,FORT WORTH,TX,76132
672570,3226 UNIVERSITY DRIVE,NACOGDOCHES,TX,75965
672571,8340 COFFEE,HOUSTON,TX,77033
672572,103 WEST AHLDAG STREET,WHARTON,TX,77488
672573,12245 ROJAS DRIVE,EL PASO,TX,79936
672574,"3801 LAKEVIEW PARKWAY, SUITE 100",ROWLETT,TX,75088
672575,5601 LOCKE AVENUE,FORT WORTH,TX,76107
672576,1201 NORTH LAKELINE BLVD.,CEDAR PARK,TX,78613
672577,5000 BAPTIST HEALTH DR STE 124,SCHERTZ,TX,78154
672578,1369 S MAIN STREET,BOERNE,TX,78006
672579,117 EAST HARWOOD ROAD,HURST,TX,76054
672580,805 N. BECKLEY AVENUE,DALLAS,TX,75203
672581,9301 PINECROFT DR,SHENANDOAH,TX,77380
672584,720 NORTH SAINT MARYS STREET,FALFURRIAS,TX,78355
672585,1201 N I-35,Gainesville,TX,76240
672587,530 CLARA BARTON BLVD. #105,GARLAND,TX,75042
672588,500 WEST 5TH STREET,DENVER CITY,TX,79323
672589,3330 NORTH GALLOWAY AVENUE,MESQUITE,TX,75150
672590,"2309 EAST SAUNDERS STREET, SUITE 200",LAREDO,TX,78041
672591,1720 E WHITESTONE BLVD,CEDAR PARK,TX,78613
672592,1447 HWY 6 SUITE #140,SUGAR LAND,TX,77478
672593,3801 21ST STREET,LUBBOCK,TX,79410
672594,"2901 SHERWOOD WAY, SUITE 100",SAN ANGELO,TX,76901
672595,1300 NORTH VIRGINIA STREET,PORT LAVACA,TX,77979
672596,1407 TAHOKA RD,BROWNFIELD,TX,79316
672600,1038 US HIGHWAY 67,DUNCANVILLE,TX,75137
672601,604 MEDICAL COURTS,BRENHAM,TX,77833
672602,"1730 B F TERRY BLVD, STE 1102",ROSENBERG,TX,77471
672603,1102 F.M. 3036,ROCKPORT,TX,78382
672604,24006 HIGHWAY 59 NORTH,KINGWOOD,TX,77339
672606,2242 CHAMPIONSHIP DRIVE,SEALY,TX,77474
672607,"400 EAST STATE HIGHWAY 243, SUITE 14",CANTON,TX,75103
672608,2390 E 29TH STREET,BRYAN,TX,77802
672610,2014 S WHEELER ST STE 300,JASPER,TX,75951
672612,6886 HIGHWAY 6 SOUTH,HOUSTON,TX,77083
672613,7505 S MAIN ST,HOUSTON,TX,77030
672614,1915 S COULTER STREET,AMARILLO,TX,79106
672615,3314 LONGMIRE DRIVE,COLLEGE STATION,TX,77845
672616,757 WEST COURT,SEGUIN,TX,78155
672617,3100 W 2ND STREET,TAYLOR,TX,76574
672618,2850 RIDGE ROAD,ROCKWALL,TX,75032
672623,"6015 HILLCROFT, SUITE 3000",HOUSTON,TX,77081
672624,3324 East F.M. 528,FRIENDSWOOD,TX,77546
672625,17649 FM 1488 RD,MAGNOLIA,TX,77354
672626,1445 NORTH LOOP WEST,HOUSTON,TX,77008
672627,230 NORTH WASHINGTON AVE,ODESSA,TX,79761
672629,2920 FULTON STREET,HOUSTON,TX,77009
672630,1533 HOLLY ROAD,CORPUS CHRISTI,TX,78417
672631,1320 WEST OAKLAWN SUITE G & H,PLEASANTON,TX,78064
672632,9500 NORTH CENTRAL EXPRESSWAY,DALLAS,TX,75231
672633,825 DALWORTH STREET,GRAND PRAIRIE,TX,75050
672634,4309 RIDGECREST ROAD,GREENVILLE,TX,75402
672636,"481 SHILOH ROAD, SUITE 100",PLANO,TX,75074
672637,"1704 SOUTH CHERRY LANE, SUITE 200",WHITE SETTLEMENT,TX,76108
672638,2346 Greencrest Blvd,Rockwall,TX,75087
672639,387 INTERSTATE 10 W,FORT STOCKTON,TX,79735
672641,"4665 GARTH RD, SUITE 900",BAYTOWN,TX,77521
672643,12220 MURPHY RD STE R,STAFFORD,TX,77477
672644,8700 S GESSNER,HOUSTON,TX,77074
672645,307 SANDY CORNER ROAD,EL CAMPO,TX,77437
672646,"1203 ST CLAiRE BLVD, SUITE 9B",MISSION,TX,78572
672647,2895 SHILOH ROAD,TYLER,TX,75703
672648,925 EXCHANGE PARKWAY,ALLEN,TX,75013
672649,6331 BOULEVARD 26,NORTH RICHLAND HILLS,TX,76180
672650,1206 W. HENDERSON,CLEBURNE,TX,76033
672651,"12176 N MO PAC EXPRESSWAY, SUITE A",AUSTIN,TX,78758
672653,"9238 FLOYD CURL DRIVE, SUITE 102",SAN ANTONIO,TX,78240
672654,10850 FRISCO ST,FRISCO,TX,75033
672655,16910 MATHIS CHURCH ROAD,HOUSTON,TX,77090
672656,1612 NORTH TEXAS,BRYAN,TX,77803
672658,5036 TENNYSON PARKWAY,PLANO,TX,75024
672659,4810 WEST ILLINOIS,Dallas,TX,75211
672662,7502 SOUTH PADRE ISLAND DRIVE,CORPUS CHRISTI,TX,78412
672663,606 LOCUST AVE,VICTORIA,TX,77901
672664,1213 HERMANN DRIVE,HOUSTON,TX,77004
672665,"2220 HAINE DRIVE, SUITE 40",HARLINGEN,TX,78550
672666,"200 MEDICAL CENTER COURT, SUITE 200",BAY CITY,TX,77414
672667,6410 CRESCENT LOOP,LAREDO,TX,78041
672668,1011 NORTH HIGHWAY 77,WAXAHACHIE,TX,75165
672669,20320 NORTHWEST FREEWAY,Jersey Village,TX,77065
672670,10923 SCARSDALE BLVD,HOUSTON,TX,77089
672671,4717 MEDICAL CENTER DRIVE,MCKINNEY,TX,75069
672673,5940 CROSSLAKE PARKWAY,WACO,TX,76712
672674,894 FM 3168,RAYMONDVILLE,TX,78580
672675,1800 WEST 26TH STREET,HOUSTON,TX,77008
672676,4427 FM 1960 RD W,HOUSTON,TX,77068
672677,15917 SOUTH POST OAK Rd,HOUSTON,TX,77053
672680,405 THIS WAY STREET,LAKE JACKSON,TX,77566
672681,12823 CAPRICORN DRIVE,STAFFORD,TX,77477
672682,109 BINKLEY AVE,DUMAS,TX,79029
672683,50 North 11th Street,Beaumont,TX,77702
672684,1531 HIGHWAY 380 BYPASS,GRAHAM,TX,76450
672685,1111 W Airport Freeway,IRVING,TX,75062
672686,14800 WESTHEIMER ROAD,HOUSTON,TX,77082
672687,201 FM 971,GEORGETOWN,TX,78626
672689,403 N MILAM STREET,SAN AUGUSTINE,TX,75972
672690,1447 HWY 6,SUGAR LAND,TX,77478
672691,12249 ROJAS DRIVE,EL PASO,TX,79936
672692,715 N. AMERICAS AVE.,EL PASO,TX,79907
672693,12051 WESTPARK DRIVE,HOUSTON,TX,77082
672694,4112 W SPRING CREEK PARKWAY,PLANO,TX,75024
672696,301 EAST AIRLINE ROAD,VICTORIA,TX,77901
672698,1107 SOLDIERS FIELD Drive,SUGAR LAND,TX,77479
672699,19502 MCKAY Dr.,HUMBLE,TX,77338
672700,10651 NORTH LOOP,SOCORRO,TX,79927
672701,3400 CORINTH PARKWAY,CORINTH,TX,76208
672702,941 SOUTH WESTGATE WAY,WYLIE,TX,75098
672703,200 MCPHERSON BLVD,FORT WORTH,TX,76140
672705,6450 BRENTWOOD STAIR RD,FORT WORTH,TX,76112
672706,860 NE LOOP 286,PARIS,TX,75460
672707,618 E COURT ST,SEGUIN,TX,78155
672708,9846 WESTOVER HILLS BLVD,SAN ANTONIO,TX,78251
672709,64 S PRICE RD,BROWNSVILLE,TX,78521
672711,7112 STUEBNER AIRLINE DRIVE,HOUSTON,TX,77091
672712,2785 GULF FREEWAY S,LEAGUE CITY,TX,77573
672713,6518 MEMORIAL DRIVE,TEXAS CITY,TX,77591
672715,6952 INDUSTRIAL PARKWAY,ROSENBERG,TX,77471
672716,5910 SCOTT STREET,HOUSTON,TX,77021
672717,3211 INTERSTATE 45 N,CONROE,TX,77304
672718,215 N San Saba St,SAN ANTONIO,TX,78207
672719,3518 KNICKERBOCKER RD,SAN ANGELO,TX,76904
672721,9716 JENSEN DRIVE,HOUSTON,TX,77093
672722,349 SOUTH DANVILLE DRIVE,ABILENE,TX,79605
672723,1000 ST. LOUIS AVE STE 101,FORT WORTH,TX,76104
672724,1900 SCENIC DRIVE,GEORGETOWN,TX,78626
672725,642 LINCOLN SQUARE,ARLINGTON,TX,76011
672726,12001 ELAM ROAD,BALCH SPRINGS,TX,75180
672727,13003 DELANY ST,LA MARQUE,TX,77568
672728,201 SOUTH JUPITER ROAD,ALLEN,TX,75002
672730,5923 WESTHEIMER RD,HOUSTON,TX,77057
672731,3812 E BELKNAP ST,FORT WORTH,TX,76111
672732,6190 LYNDON B JOHNSON FWY,DALLAS,TX,75240
672733,21026 W. BELLFORT ST,RICHMOND,TX,77406
672734,2222 GREENHOUSE RD,HOUSTON,TX,77084
672735,10001 SOUTH IH 35,AUSTIN,TX,78747
672737,4108 W 15TH STREET,PLANO,TX,75093
672738,5729 BRYANT IRVIN RD,FORT WORTH,TX,76132
672739,4400 NORTH FREEWAY,HOUSTON,TX,77022
672740,1621 NORTH CENTRAL EXPRESSWAY,RICHARDSON,TX,75080
672741,10708 VICTORIA ASH DR,FORT WORTH,TX,76244
672742,137 PALO ALTO ROAD,SAN ANTONIO,TX,78211
672743,4420 HERITAGE TRACE PKWY,FORT WORTH,TX,76244
672744,540 I-45 SOUTH,HUNTSVILLE,TX,77340
672745,17191 ST LUKES WAY,THE WOODLANDS,TX,77384
672746,607 E 7TH STREET,ODESSA,TX,79761
672748,2300 W FM 544,WYLIE,TX,75098
672749,1170 BLALOCK ROAD,HOUSTON,TX,77055
672751,3571 W WHEATLAND ROAD,DALLAS,TX,75237
672752,1333 OLD SPANISH TRAIL,HOUSTON,TX,77054
672753,10740 N CENTRAL EXPRESSWAY,DALLAS,TX,75231
672754,3290 GULF FREEWAY S,DICKINSON,TX,77539
672755,205 N ALABAMA ROAD,WHARTON,TX,77488
672756,14512 LEE ROAD,HUMBLE,TX,77396
672757,2651 E BROAD STREET,MANSFIELD,TX,76063
672758,20333 SOUTHWEST FREEWAY,SUGAR LAND,TX,77479
672760,4816 EAST CHASE STREET,BAYTOWN,TX,77521
672762,2420 LAKESHORE DRIVE,WACO,TX,76708
672764,1426 KINGWOOD DRIVE,KINGWOOD,TX,77339
672766,625 W CENTRAL TEXAS EXPRESSWAY,HARKER HEIGHTS,TX,76548
672767,3333 BAYSHORE BLVD,PASADENA,TX,77504
672768,1310 MURCHINSON DRIVE,EL PASO,TX,79902
672769,5672 HIGHWAY 6,MISSOURI CITY,TX,77459
672770,2107 FORT WORTH HIGHWAY,WEATHERFORD,TX,76086
672772,9811 SOUTH IH35,AUSTIN,TX,78744
672773,13525 EAST FREEWAY,HOUSTON,TX,77015
672774,21755 PROVINCIAL BLVD,KATY,TX,77450
672775,433 W SAM HOUSTON BLVD,PHARR,TX,78577
672776,3305 UNICORN LAKE BLVD,DENTON,TX,76210
672777,2000 BOCA CHICA BLVD,BROWNSVILLE,TX,78521
672778,2500 W PLEASANT RUN RD,LANCASTER,TX,75146
672780,1800 Round Rock Avenue,ROUND ROCK,TX,78681
672781,8787 FALLBROOK DR,HOUSTON,TX,77064
672782,7065 East FWY,HOUSTON,TX,77020
672784,2276 Business Center Drive,PEARLAND,TX,77584
672785,2535 WEST AIRPORT FWY,IRVING,TX,75062
672786,15103 Mason Rd,CYPRESS,TX,77433
672787,1319 W Sam Houston Pkwy N,HOUSTON,TX,77043
672788,11000 N Riverside Drive,Fort Worth,TX,76244
672789,402 N Carrier Parkway,GRAND PRAIRIE,TX,75050
672791,2651 BOLTON BOONE DRIVE,DESOTO,TX,75115
672792,1644 RESEARCH FOREST DRIVE,SHENANDOAH,TX,77381
672793,1650 REPUBLIC PARKWAY,MESQUITE,TX,75150
672794,1128 North I-35 East,CARROLLTON,TX,75006
672795,101 E Southwest Pkwy,LEWISVILLE,TX,75067
672796,224 Memorial Drive,GATESVILLE,TX,76528
672797,5832 S Hulen St,FORT WORTH,TX,76132
672798,16035 Lexington Blvd,SUGAR LAND,TX,77479
672800,16545 SW Freeway,SUGAR LAND,TX,77479
672801,20025 Chasewook Park Drive,HOUSTON,TX,77070
672802,5655 W SAM HOUSTON PKWY N STE A,HOUSTON,TX,77041
672803,2950 FM 2920 Rd,SPRING,TX,77388
672804,739 E 20th Street,HOUSTON,TX,77008
672805,5329 West University Dr,MCKINNEY,TX,75071
672806,14412 Bellaire Blvd.,SUGAR LAND,TX,77478
672807,4941 Long Prairie Rd,FLOWER MOUND,TX,75028
672808,274 Cottonwood Dr,HEMPSTEAD,TX,77445
672809,"2000 CRAWFORD ST, STE 777",HOUSTON,TX,77002
672810,1001 W Arbrook Blvd,ARLINGTON,TX,76015
672811,8704 UNIVERSITY AVE,LUBBOCK,TX,79423
672812,4511 NW Loop 410,SAN ANTONIO,TX,78229
672815,4803 Bissonnet Street,BELLAIRE,TX,77401
672816,"1301 Custer Road, Suite 524",PLANO,TX,75075
672817,"2204 Joe Battle Blvd ""A""",EL PASO,TX,79938
672818,1721 S Colorado St,LOCKHART,TX,78644
672819,1806 South Colorado Street,LOCKHART,TX,78644
672820,5895 Kyle Parkway,KYLE,TX,78640
672821,1675 Highway 71 East,BASTROP,TX,78602
672822,800 N Texas Ave,ODESSA,TX,79761
672823,1826 Parkway Dr,LUBBOCK,TX,79403
672824,11150 Research Blvd.,AUSTIN,TX,78759
672825,3359 Fred Wilson Ave,EL PASO,TX,79904
672826,10424 Interstate 10 East,BAYTOWN,TX,77523
672827,6101 Windhaven Pkwy,PLANO,TX,75093
672828,5603 Highway 6,MISSOURI CITY,TX,77459
672830,3417 GASTON AVENUE SUITE 180,DALLAS,TX,75246
672831,1070 N Westmoreland Road,DALLAS,TX,75211
672832,9219 Stella Link,HOUSTON,TX,77025
672833,11600 Broadway Street,PEARLAND,TX,77584
672834,2018 Pulliam Street,SAN ANGELO,TX,76905
672836,1430 Northwestern Drive,EL PASO,TX,79912
672838,10150 Legacy Drive,FRISCO,TX,75033
672839,100 East Arizona,SWEETWATER,TX,79556
672840,265 SW John Jones Drive,BURLESON,TX,76028
672841,8486 Bellaire Blvd.,HOUSTON,TX,77036
672842,10697 N. Loop Dr.,SOCORRO,TX,79927
672843,1006 E INTERSTATE HIGHWAY 2,DONNA,TX,78537
672844,2916 Woodridge Drive,HOUSTON,TX,77087
672845,4810 E Sam Houston Pkwy N,HOUSTON,TX,77015
672846,3321 E. Renner Rd,RICHARDSON,TX,75082
672847,9767 FM 1960 Bypass Rd W,HUMBLE,TX,77338
672848,12606 West Park Drive,HOUSTON,TX,77082
672849,2860 S. US Highway 83,ZAPATA,TX,78076
672850,6116 Sports Village Rd.,FRISCO,TX,75033
672853,2850 Kirby Drive,PEARLAND,TX,77584
672854,7329 W Sam Houston Parkway S,HOUSTON,TX,77072
672855,7329 W Sam Houston Parkway S,HOUSTON,TX,77072
672856,200 West 2 Mile Road,MISSION,TX,78574
672857,6626 ANTOINE DR,HOUSTON,TX,77091
672858,1950 NE Green Oaks Blvd,ARLINGTON,TX,76006
672859,3402 Burke Road,PASADENA,TX,77504
672860,8181 N Stadium Drive,HOUSTON,TX,77054
672861,439 E FM 1382,CEDAR HILL,TX,75104
672862,10405 Katy Fwy,HOUSTON,TX,77024
672863,2922 N Mason Rd.,KATY,TX,77449
672864,5040 Crenshaw Road,PASADENA,TX,77505
672865,"4675 Sweetwater Blvd, Suite B",SUGAR LAND,TX,77479
672866,7600 Lakeview Parkway,ROWLETT,TX,75088
672867,4743 Lexington Blvd,MISSOURI CITY,TX,77459
672868,800 N SHILOH ROAD,GARLAND,TX,75042
672869,12727 Beamer Road,HOUSTON,TX,77089
672870,215 N SAN SABA,SAN ANTONIO,TX,78207
672871,3 WINDCREST NATIONAL,MAGNOLIA,TX,77354
672873,2906 S BAGDAD RD STE 120,LEANDER,TX,78641
672874,5612 Dyer Street,EL PASO,TX,79904
672875,5620 Lone Star Parkway,SAN ANTONIO,TX,78253
672876,1010 Rone Drive,WESLACO,TX,78596
672877,2441 Monarch Dr.,LAREDO,TX,78045
672878,2443 MONARCH AVE,LAREDO,TX,78045
672881,235 FM 1960 RD W STE 235C,HOUSTON,TX,77090
672882,5418 N LOOP 1604 W STE 120,SAN ANTONIO,TX,78249
672883,8760 US Hwy 59 South,NACOGDOCHES,TX,75964
672886,3623 SOUTH MAIN STREET STE 100,Stafford,TX,77477
672887,2400 N OREGON ST STE C,El Paso,TX,79902
672888,5230 FM 2920 Rd.,SPRING,TX,77388
672889,2606 W. Pecan St,PFLUGERVILLE,TX,78660
672890,1313 Veterans Ave,CRYSTAL CITY,TX,78839
672891,26865 INTERSTATE 45 STE 100,SPRING,TX,77380
672893,208 N MCKINNEY ST STE 1,SWEENY,TX,77480
672894,3517 SPECTRUM BLVD,RICHARDSON,TX,75082
672895,5414 FM 1960 RD E,Humble,TX,77346
672896,18003 LONGENBAUGH DR,Cypress,TX,77433
672897,22310 McCleskey RD,New Caney,TX,77357
672898,"7746 HWY 6, STE C",Missouri City,TX,77459
742500,9340 HIGHWAY 6 STE 400,MISSOURI CITY,TX,77459
742501,220 S COLLINS RD,SUNNYVALE,TX,75182
742503,3317 ESSEX DR STE 150,RICHARDSON,TX,75082
742504,10502 SANDIA DR,LAREDO,TX,78045
742505,2733 1st ST,Rosenberg,TX,77471
742506,11255 Garland Rd.,DALLAS,TX,75218
742507,10505 JONES RD,HOUSTON,TX,77065
742508,1210 Southmore Ave,PASADENA,TX,77502
742509,400 W MEDICAL CENTER BLVD STE 125,WEBSTER,TX,77598
742510,4045 S. Great Southwest Parkway,GRAND PRAIRIE,TX,75052
742511,458 N HIGHWAY 67 STE 400,CEDAR HILL,TX,75104
742512,1400 CREEK WAY DR STE 211,SUGAR LAND,TX,77478
742513,4601 MEDICAL CENTER DR STE G,MCKINNEY,TX,75069
742514,101 W PARK DR,LIVINGSTON,TX,77351
742517,1120 McRae Blvd,El Paso,TX,79925
742518,10112 DYER ST,El Paso,TX,79924
742519,3301 RIDGECREST RD STE 1,GREENVILLE,TX,75402
742521,11040 I-10 West,San Antonio,TX,78230
742524,1671 ROLLINGBROOK DR,Baytown,TX,77521
742525,201 MEDICAL DR,Palestine,TX,75801
742526,13340 PRESTON RD,DALLAS,TX,75240
742527,6018 PARKWAY DR,CORPUS CHRISTI,TX,78414
742528,7251 S DESERT BLVD,El Paso,TX,79835
742529,120 W BELT LINE RD,CEDAR HILL,TX,75104
742530,2429 HICKORY TREE RD,BALCH SPRINGS,TX,75180
742531,3708 E ROSEDALE ST,Fort Worth,TX,76155
742532,1104 HOLLIDAY ST,WICHITA FALLS,TX,76301
742533,13730 ALICE RD STE D,Tomball,TX,77377
742534,2635 SE MILITARY DR,SAN ANTONIO,TX,78223
742535,209 W TRAVIS ST,SHERMAN,TX,75092
742536,2500 SOUTH JACKSON RD,McAllen,TX,78503
742537,100 E HOUSE ST,ALVIN,TX,77511
742538,2129 W PECAN ST,PFLUGERVILLE,TX,78660
742539,1407 N JEFFERSON AVE,MOUNT PLEASANT,TX,75455
742540,6823 COMMUNICATIONS PKWY,Plano,TX,75024
742541,5010 WISEMAN BLVD,San Antonio,TX,78251
742545,4751 W FUQUA ST,Houston,TX,77045
742546,4405 ROSS AVE,DALLAS,TX,75204
742547,2929 MONTANA AVE,El Paso,TX,79903
742548,3700 N TARRANT PKWY,FORT WORTH,TX,76177
742549,12011 STATE HIGHWAY 151 STE 101,San Antonio,TX,78251
742550,1307 CAMERON ST,Mercedes,TX,78570
742551,11343 N CENTRAL EXPY,Dallas,TX,75243
742552,11321 FALLBROOK DR,Houston,TX,77065
742553,15619 NACOGDOCHES RD,SAN ANTONIO,TX,78247
742554,600 N. Kobayashi Rd.,Webster,TX,77598
742555,9010 BRODIE LN BLDG A,Austin,TX,78748
742557,12098 EAST FWY,Houston,TX,77029
742558,5842 YORKTOWN BLVD,CORPUS CHRISTI,TX,78414
742559,241 N PRESTON RD STE A,Prosper,TX,75078
742560,5834 YORKTOWN BLVD,CORPUS CHRISTI,TX,78414
742561,12970 TOEPPERWEIN RD STE 101,Live Oak,TX,78233
742562,725 N INDUSTRIAL BLD STE 100,Bedford,TX,76021
742563,1900 SE 34 AVE UNIT 300,AMARILLO,TX,79118
742564,7607 TOWN CENTER BLVD,Rosenberg,TX,77471
742565,1600 SE INDUSTRIAL DR STE 2,EDINBURG,TX,78542
742566,26321 NORTHWEST FWY STE 300,CYPRESS,TX,77429
742567,2500 SWAMY DRIVE,SHERMAN,TX,75090
742568,1787 FM 3009,SCHERTZ,TX,78154
742569,1121 3RD ST,CORPUS CHRISTI,TX,78404
742570,3626 50TH ST,Lubbock,TX,79413
742571,6514 HIGHWAY 90A STE 103,Sugar Land,TX,77498
742572,20435 CYPRESSWOOD DR,Cypress,TX,77433
742573,3702 Interstate 27,Lubbock,TX,79412
742574,913 N 13 ST STE 29,Harlingen,TX,78550
742575,1902 WINDSOR PL STE 100,FORT WORTH,TX,76110
742576,946 Bluebonnet Drive,STEPHENVILLE,TX,76401
742577,8115 DATAPOINT DR STE 100,San Antonio,TX,78229
742578,4708 DEXTER DR,Plano,TX,75093
742579,601 Main St Ste 120,Keller,TX,76248
742580,200 S RIVERSHIRE DR STE 100,Conroe,TX,77304
742581,12011 State Highway 151,San Antonio,TX,78251
742582,1902 Windsor Place Suite 202,Fort Worth,TX,76110
742584,1434 N Central Expressway Suite 116,McKinney,TX,75070
742585,2001 W 34th St,Houston,TX,77018
742586,801 E Border Street STE 201,Arlington,TX,76010
742587,3417 Sherwood Way,San Angelo,TX,76901
742588,8206 N. Navarro,Victoria,TX,77904
742589,1050 Gemini Street,Houston,TX,77058
742590,11161 Shadow Creek Pkwy STE 101,Pearland,TX,77584
742591,851 Best Drive,Seguin,TX,78155
742592,2711 LITTLE YORK STE 201,Houston,TX,77093
742593,1600 SOUTHEAST INDUSTRIAL DR STE 1,EDINBURG,TX,78542
742594,1809 PRECINCT LINE RD,HURST,TX,76054
742595,5208 ATASCOCITA RD,Humble,TX,77346
742596,219 W Kingsley Rd STE 316,Garland,TX,75041
742597,1100 Center Ridge Drive,Austin,TX,78753
742598,6888 Southwest Freeway,Houston,TX,77074
742599,1923 Marsha Sharp Freeway Suite 102,Lubbock,TX,79415
742600,"24730 State Highway 249, STE A",Tomball,TX,77375
742601,1515 Medical Parkway,Cedar Park,TX,78613
742602,3534 Hickory Tree Rd,Balch Springs,TX,75180
742603,21927 Clay Rd.,Katy,TX,77449
742605,3327 S. Sam Houston Pkwy East,Houston,TX,77047
742606,3400 Northwest Centre Dr.,Fort Worth,TX,76135
742610,917 10th Street,Floresville,TX,78114
742611,834 W HIGHWAY 82 STE 105,Gainesville,TX,76240
742612,4443 E Southcross Blvd,San Antonio,TX,78222
742701,1313 S E Military,San Antonio,TX,78214
742702,1329 W Walnut Hill LN Ste 110,Irving,TX,75038
742705,2727 BOLTON BOONE DRIVE SUITE 103,Desoto,TX,75115
742706,145 Promenade Way,Sugar Land,TX,77479
742711,627 N Baylor Street,Cotulla,TX,78014
742712,"326 SINGING OAKS DR, STE 155",Spring Branch,TX,78070
742716,2700 S Central Expressway,McKinney,TX,75070
742721,901 Plaza Drive,Mission,TX,78572
742723,2300 W INTERSTATE 20,ARLINGTON,TX,76017
742730,"1516 RANCH ROAD 620 S, STE 400",LAKEWAY,TX,78734
742732,1221 E 10th St STE 106,Weslaco,TX,78596
742733,"11811 FM 1960 RD W, STE 104A",Houston,TX,77065
742735,900 N BLUE MOUND RD STE 192,SAGINAW,TX,76131
742736,1411 BONNER ST,Houston,TX,77007
742737,102 VINTAGE PARK BLVD STE A L BLDG,Houston,TX,77070
742738,3203 FM 1960 W ROAD,Houston,TX,77068
742740,400 River Pointe Dr,Conroe,TX,77304
742741,"9330 N SAM HOUSTON PARKWAY E, STE 100",HUMBLE,TX,77396
742743,12734 Woodforest Blvd.,Houston,TX,77015
742744,2100 Ruben Torres Blvd,Brownsville,TX,78526
742745,1451 Eastchase Pkwy,Fort Worth,TX,76120
742746,800 Highlander Ave,Midlothian,TX,76065
752500,"2212 E. 4th Street, Suite 101",Santa Ana,CA,92705
752501,1930 Walker Ave,Monrovia,CA,91016
752502,1090 Atlantic Ave,Long Beach,CA,90813
752503,1824 E. Slauson Ave,Vernon,CA,90058
752504,14001 Osborne St,Arleta,CA,91331
752505,"1320 DECOTO ROAD, STE 100",UNION CITY,CA,94587
752506,"65 NIELSON ST., STE.145",WATSONVILLE,CA,95076
752507,1840 EAST MAIN STREET,WOODLAND,CA,95776
752508,"2955 NORTH CORRAL HOLLOW RD, STE 101",TRACY,CA,95376
752509,11859 Wilshire Blvd. Suite 100,Los Angeles,CA,90025
752510,26861 Bouquet Canyon Rd,Santa Clarita,CA,91350
752511,5939 Canoga Ave,Woodland Hills,CA,91367
752512,"2415 SAN PABLO ROAD, SUITE 504",SAN PABLO,CA,94806
752513,11239 S. Western Ave,Los Angeles,CA,90047
752514,1951 Citracado Pkwy,Escondido,CA,92029
752515,1601 Raiders Way,Oxnard,CA,93033
752516,3814 M,OAKLAND,CA,94619
752517,"4036 Whittier Blvd, Suite 100",Los Angeles,CA,90023
752518,1503 E. Main St,Santa Maria,CA,93458
752519,17125 Silica Drive Suite 100,Victorville,CA,92395
752520,900 Huntington Drive Suite. B,San Marino,CA,91108
752522,1335 PINOLE VALLEY RD,PINOLE,CA,94564
752523,172 N. Raymond Ave,Fullerton,CA,92831
752525,10211 Long Beach Blvd,Lynwood,CA,90262
752526,"2401 E. ORANGEBURG AVE, SUITE 340",MODESTO,CA,95355
752527,20359 LAKE CHABOT ROAD,CASTRO VALLEY,CA,94546
752528,4223 East Anaheim Street,Long Beach,CA,90804
752529,18040 Sherman Way #100,Reseda,CA,91335
752530,1536 E Katella Avenue,Orange,CA,92867
752531,785 ORANGE DR,VACAVILLE,CA,95687
752532,3446 S Mooney Boulevard,Visalia,CA,93277
752533,4314 E JENSEN AVE,FRESNO,CA,93725
752534,5238 Manzanita Ave,Carmichael,CA,95608
752535,4566 Florence Ave Suite #3,Cudahy,CA,90201
752536,4679 W. Spruce Ave Suite 101,Fresno,CA,93727
752537,66 WEST OLIVE AVENUE,MERCED,CA,95348
752538,1055 El Camino Real,Colma,CA,94014
752539,18040 Sherman Way Suite 220,Reseda,CA,91335
752540,"10941 BLOOMFIELD ST., UNIT C",LOS ALAMITOS,CA,90720
752541,"8333 IOWA ST., SUITE 200",DOWNEY,CA,90241
752542,2789 LONG BEACH BLVD,LONG BEACH,CA,90806
752543,13019 Victory Blvd,North Hollywood,CA,91606
752544,3660 Wilshire Blvd,Los Angeles,CA,90010
752545,1287 N HACIENDA BLVD,LA PUENTE,CA,91744
752546,1237 EAST MAIN STREET,ALHAMBRA,CA,91801
752547,1100 E PARK STREET,HOLLISTER,CA,95023
752548,"3939 RUFFIN ROAD, SUITE 100",SAN DIEGO,CA,92123
752549,1510 S CENTRAL AVE STE 140,GLENDALE,CA,91204
752550,5 MASSIE CT,SACRAMENTO,CA,95823
752551,1328 COFFEE ROAD,MODESTO,CA,95355
752552,"4270 ROSEWOOD DR., STE E",PLEASANTON,CA,94588
752553,1520  N BROADWAY,SANTA MARIA,CA,93454
752554,1948 VIA CENTRE,VISTA,CA,92081
752555,160 COUNTRY CLUB DR,SOUTH SAN FRANCISCO,CA,94080
752556,16364 BEACH BLVD,WESTMINSTER,CA,92683
752564,41549 KALMIA ST,MURRIETA,CA,92562
752572,5949 STATE STREET,HUNTINGTON PARK,CA,90255
752577,2600 N. WILMINGTON AVENUE,COMPTON,CA,90222
752578,3575 WHITTIER BLVD,Los Angeles,CA,90023
752582,610 N PASTORIA AVE,SUNNYVALE,CA,94085
752588,19231 Victory Blvd #103,Reseda,CA,91335
752589,"1700 N ROSE AVE., STE 370",OXNARD,CA,93030
752590,"3350 CALIFORNIA BLVD, STE A",NAPA,CA,94558
752592,2195 IRON POINT RD,FOLSOM,CA,95630
752593,790 E MANNING AVE,REEDLEY,CA,93654
752596,963 Lane Avenue,CHULA VISTA,CA,91914
752601,340 E COMMONWEALTH AVE,FULLERTON,CA,92832
752602,"3356 W Ball Rd, #110",Anaheim,CA,92804
752603,"7777 MILLIKEN AVE, SUITE 100",RANCHO CUCAMONGA,CA,91730
752606,"2200 OUTLET CENTER DR., STE 420",OXNARD,CA,93036
752608,12030 INDUSTRY BLVD,JACKSON,CA,95642
752611,"1451 West Pacheco Blvd., Suite G",Los Banos,CA,93635
752612,4670 CENTRAL WAY STE D,FAIRFIELD,CA,94534
752613,"952 S MOUNT VERNON AVE., STE C",COLTON,CA,92324
752616,2077 W. YOSEMITE AVE,MANTECA,CA,95337
752617,"4660 EL CAJON BLVD., SUITE 110",SAN DIEGO,CA,92115
752618,1275 W. FOOTHILL BLVD. UNIT 1,RIALTO,CA,92376
752619,"44151 15TH ST., STE. 215",LANCASTER,CA,93534
