ccn,Network,Facility Name,Five Star Date,Five Star,Five Star Data Availability Code,Address Line 1,Address Line 2,City/Town,State,ZIP Code,County/Parish,Telephone Number,Profit or Non-Profit,Chain Owned,Chain Organization,Late Shift,# of Dialysis Stations,Offers in-center hemodialysis,Offers peritoneal dialysis,Offers home hemodialysis training,Certification Date,Claims Date,EQRS Date,SMR Date,Patient Survival Category Text,Patient Survival data availability code,Number of Patients included in survival summary,Mortality Rate (Facility),Mortality Rate: Upper Confidence Limit (97.5%),Mortality Rate: Lower Confidence Limit (2.5%),SHR Date,Patient hospitalization category text,Patient Hospitalization data availability Code,Number of patients included in hospitalization summary,Hospitalization Rate (Facility),Hospitalization Rate: Upper Confidence Limit (97.5%),Hospitalization Rate: Lower Confidence Limit (2.5%),SRR Date,Patient Hospital Readmission Category,Patient Hospital Readmission data availability Code,Number of hospitalizations included in hospital readmission summary,Readmission Rate (Facility),Readmission Rate: Upper Confidence Limit (97.5%),Readmission Rate: Lower Confidence Limit (2.5%),STrR Date,Patient Transfusion category text,Patient Transfusion data availability Code,Number of patients included in the transfusion summary,Transfusion Rate (Facility),Transfusion Rate: Upper Confidence Limit (97.5%),Transfusion Rate: Lower Confidence Limit (2.5%),FYSWR Date,FYSWR category text,Patient transplant waitlist data availability code,Number of patients in this facility for FYSWR,First Year Standardized Kidney Transplant Waitlist Ratio,95% C.I. (upper limit) for FYSWR,95% C.I. (lower limit) for FYSWR,PPPW category text,Patient prevalent transplant waitlist data availability code,Number of patients for PPPW,Percentage of Prevalent Patients Waitlisted for Kidney Transplant,95% C.I. (upper limit) for PPPW,95% C.I. (lower limit) for PPPW,SEDR Date,SEDR category text,Emergency Department Encounter data availability Code,Number of patients included in SEDR summary,Standardized ED visits ratio (Facility),SEDR: Upper Confidence Limit (97.5%),SEDR: Lower Confidence Limit (2.5%),ED30 Date,ED30 Category text,Emergency Department Encounter Ratio Occurring within 30 Days of Hospital Discharge data availability Code,Number of hospitalizations included in ED30 summary,Standardized ED visits within 30 days of hospital discharge ratio (Facility),ED30: Upper Confidence Limit (97.5%),ED30: Lower Confidence Limit (2.5%),YEARS Modality Switch BASED UPON,SMoSR: Classification Category (FACILITY),Modality Switch Data Availability Code,SMoSR: Number of Eligible patients (FACILITY),SMoSR: Standardized Modality Switch Ratio (FACILITY),SMoSR: Upper Confidence Limit (FACILITY),SMoSR: Lower Confidence Limit (FACILITY),SIR Date,Patient Infection category text,Patient Infection Data Availability Code,Standard Infection Ratio,SIR: Upper Confidence Limit (97.5%),SIR: Lower Confidence Limit (2.5%),Fistula Category Text,Fistula data availability code,Number of Patients included in fistula summary,Fistula Rate (Facility),Fistula Rate: Upper Confidence Limit (97.5%),Fistula Rate: Lower Confidence Limit (2.5%),HCP Vaccination Data Collection Dates,HCP Vaccination Data Availability Code,Healthcare worker COVID-19 vaccination adherence percentage,Adult HD Kt/V data availability code,Number of adult HD patients with KT/V data,Number of adult HD patient-months with Kt/V data,Percent of Adult HD patients with Kt/V >= 1.2,Adult PD Kt/V data availability code,Number of adult PD patients with KT/V data,Number of adult PD patient-months with Kt/V data,Percentage of Adult PD PTS with Kt/V >= 1.7,Pediatric HD Kt/V Data Availability Code,Number of pediatric HD patients with Kt/V data,Number of pediatric HD patient-months with KT/V data,Percentage of Pediatric HD patients with Kt/V >= 1.2,Pediatric PD Kt/V Data Availability Code,Number of pediatric PD patients with Kt/V data,Number of pediatric PD patient-months with KT/V data,Percentage of pediatric PD patients with Kt/V>=1.8,Percentage of Medicare patients with Hgb<10 g/dL,HGB<10 data availability code,Percentage of Medicare patients with Hgb>12 g/dL,Hgb > 12 data availability code,Number of Dialysis Patients with Hgb data,Hypercalcemia Data Availability Code,Number of patients in hypercalcemia summary,Number of patient-months in hypercalcemia summary,Percentage of Adult patients with hypercalcemia (serum calcium greater than 10.2 mg/dL),Serum phosphorus Data Availability Code,Number of patients in Serum phosphorus summary,Number of patient-months in Serum phosphorus summary,Percentage of Adult patients with serum phosphorus less than 3.5 mg/dL,Percentage of Adult patients with serum phosphorus between 3.5-4.5 mg/dL,Percentage of Adult patients with serum phosphorus between 4.6-5.5 mg/dL,Percentage of Adult patients with serum phosphorus between 5.6-7.0 mg/dL,Percentage of Adult patients with serum phosphorus greater than 7.0 mg/dL,Long term catheter Data Availability Code,Number of patients in long term catheter summary,Number of patient months in long term catheter summary,Percentage of Adult patients with long term catheter in use,nPCR Data Availability Code,Number of patients in nPCR summary,Number of patient-months in nPCR summary,Percentage of pediatric HD patients with nPCR,match,lon,lat,GEOID_geocoder,geocoder,phone10,GEOID,region,n_phone_matches,n_near_dial,nearest_dialysis_clinic_km,status,matched_cat,match_dist_m,next_mapped_dialysis_km,ruca_primary,svi_overall,svi_minority,svi_socioeconomic,tribal_any,cvi_overall,pop_total,ur_class,epht_heat_days_summer,usfs_RPS_mean,aiannh_name,pediatric,hospital_based,unseen,missing,rural,svi_q,chain,nonprofit,stations,tribal,nearest_visible_pediatric_km
032314,15,032314 PHOENIX CHILDRENS HOSPITAL- DIALYSIS CENTER,01Jan2021-31Dec2024,,260,1920 E CAMBRIDGE RD STE 102,,PHOENIX,AZ,85016,Maricopa,(602) 933-3220,Non-profit,No,Independent,No,6,Yes,Yes,No,2001-10-22,01Oct2024-30Sep2025,01Oct2024-30Sep2025,01Jan2021-31Dec2024,Not Available,199,71.0,,,,01Jan2024-31Dec2024,As Expected,001,26.0,140.6,276.6,77.7,01Jan2024-31Dec2024,As Expected,001,26.0,24.3,47.6,8.8,01Jan2024-31Dec2024,Not Available,199,4.0,,,,01Jan2021-31Dec2023,As Expected,001,42.0,1.11,1.86,0.61,As Expected,001,55.0,22.9,43.2,10.4,01Jan2024-31Dec2024,Not Available,199,4.0,,,,01Jan2023-31Dec2024,Not Available,199,0.0,,,,01Jan2021-31Dec2023,Not Available,201,0.0,,,,01Jan2024-31Dec2024,As Expected,001,0.25,1.22,0.01,Not Available,199,1.0,,,,01Jul2025-30Sep2025,001,19.0,199,1.0,2.0,,199,1.0,5.0,,001,24.0,155.0,99.0,001,29.0,232.0,95.0,17.0,001,8.0,001,12.0,199,1.0,3.0,,199,2.0,7.0,,,,,,199,1.0,2.0,,001,27.0,183.0,100.0,Match,-112.041380316328,33.477587576642,04013111602,census,6029333220,04013111602,maricopa-az,0,1,1.8304453144459851,mapped_other_cat,hospital,96.07997349835759,1.8304453144459851,1.0,0.9149,0.8619,0.9131,False,0.5528672972205949,4569,Urban,15.222222222222221,4.0266171309480245e-06,,1,1,1,0,0,Q4 (most),0,1,6,0,1016.6629910851988
052405,17,UC Davis Medical Center Pediatric,01Jan2021-31Dec2024,,260,2521 Stockton Blvd,Department of Pediatrics,SACRAMENTO,CA,95817,Sacramento,(916) 734-3778,Non-profit,No,Independent,No,1,No,Yes,Yes,2016-08-03,01Oct2024-30Sep2025,01Oct2024-30Sep2025,01Jan2021-31Dec2024,Not Available,199,3.0,,,,01Jan2024-31Dec2024,Not Available,201,0.0,,,,01Jan2024-31Dec2024,Not Available,199,0.0,,,,01Jan2024-31Dec2024,Not Available,201,0.0,,,,01Jan2021-31Dec2023,Better than Expected,001,13.0,4.34,8.25,1.99,Better than Expected,001,17.0,72.3,92.9,34.1,01Jan2024-31Dec2024,Not Available,201,0.0,,,,01Jan2023-31Dec2024,Not Available,199,1.0,,,,01Jan2021-31Dec2023,Not Available,201,0.0,,,,01Jan2024-31Dec2024,Not Available,201,,,,Not Available,201,0.0,,,,01Jul2025-30Sep2025,201,,201,0.0,,,199,2.0,17.0,,201,0.0,,,001,14.0,99.0,99.0,,201,,201,0.0,199,2.0,17.0,,199,2.0,17.0,,,,,,201,0.0,,,201,0.0,,,Match,-121.45577938472,38.552147470878,06067001702,census,9167343778,06067001702,northern-ca,0,2,0.08698547228116486,mapped_dialysis,dialysis_clinic;nephrologist,37.253030949366995,1.549237278638755,1.0,0.5751,0.4088,0.4084,False,0.510276161839313,3620,Urban,10.333333333333334,2.519109496669173e-05,,1,1,0,0,0,Q2,0,1,1,0,2338.378442215448
452309,14,CHILDREN'S MEMORIAL HERMANN DIALYSIS CENTER,01Jan2021-31Dec2024,,260,6411 FANNIN ST,,HOUSTON,TX,77030,Harris,(713) 704-0093,Non-profit,Yes,Memorial Hermann Healthcare System,No,7,Yes,Yes,No,1977-04-01,01Oct2024-30Sep2025,01Oct2024-30Sep2025,01Jan2021-31Dec2024,Not Available,199,8.0,,,,01Jan2024-31Dec2024,Not Available,199,1.0,,,,01Jan2024-31Dec2024,Not Available,199,0.0,,,,01Jan2024-31Dec2024,Not Available,201,0.0,,,,01Jan2021-31Dec2023,As Expected,001,19.0,0.67,1.97,0.14,As Expected,001,14.0,17.2,62.9,2.5,01Jan2024-31Dec2024,Not Available,201,0.0,,,,01Jan2023-31Dec2024,Not Available,199,0.0,,,,01Jan2021-31Dec2023,Not Available,201,0.0,,,,01Jan2024-31Dec2024,Not Available,199,,,,Not Available,199,1.0,,,,01Jul2025-30Sep2025,001,0.0,199,1.0,2.0,,199,1.0,1.0,,199,8.0,60.0,,199,5.0,48.0,,,201,,201,0.0,201,0.0,0.0,,199,2.0,3.0,,,,,,199,1.0,2.0,,199,10.0,90.0,,Match,-95.396526728592,29.71509482743,48201313102,census,7137040093,48201313102,south-central-tx,0,1,1.173029442985355,mapped_other_cat,medical_center,142.4256776857233,1.173029442985355,1.0,0.642,0.6092,0.5972,False,0.527120064129618,2011,Urban,18.666666666666668,0.0002964581285310103,,1,1,1,0,0,Q2,1,1,7,0,232.0068167692981
452333,14,TEXAS CHILDRENS HOSPITAL DIALYSIS UNIT,01Jan2021-31Dec2024,,260,6621 FANNIN STREET STE 610,,HOUSTON,TX,77030,Harris,(832) 826-0850,Non-profit,No,Independent,No,13,Yes,Yes,Yes,1987-02-02,01Oct2024-30Sep2025,01Oct2024-30Sep2025,01Jan2021-31Dec2024,Not Available,199,47.0,,,,01Jan2024-31Dec2024,Not Available,199,10.0,,,,01Jan2024-31Dec2024,As Expected,001,15.0,11.4,33.5,1.4,01Jan2024-31Dec2024,Not Available,201,0.0,,,,01Jan2021-31Dec2023,Better than Expected,001,61.0,1.85,2.64,1.25,As Expected,001,79.0,26.9,45.4,14.0,01Jan2024-31Dec2024,Not Available,199,1.0,,,,01Jan2023-31Dec2024,Not Available,199,4.0,,,,01Jan2021-31Dec2023,Not Available,201,0.0,,,,01Jan2024-31Dec2024,As Expected,001,0.58,1.28,0.21,Not Available,201,0.0,,,,01Jul2025-30Sep2025,001,2.0,201,0.0,,,199,2.0,10.0,,001,38.0,294.0,99.0,001,21.0,143.0,79.0,,201,,201,0.0,199,1.0,9.0,,199,2.0,10.0,,,,,,201,0.0,,,001,56.0,413.0,99.0,Match,-95.40141348495,29.708926381281,48201313102,census,8328260850,48201313102,south-central-tx,0,4,0.8525503243564905,mapped_other_cat,gastroenterologist;health_and_medical;medical_center,66.09256323518504,0.8525503243564905,1.0,0.642,0.6092,0.5972,False,0.527120064129618,2011,Urban,18.666666666666668,0.0002964581285310103,,1,1,1,0,0,Q2,0,1,13,0,231.75768204179235
452344,14,CHILDRENS MEDICAL CENTER DIALYSIS UNIT,01Jan2021-31Dec2024,,260,1935 Medical District Drive,,DALLAS,TX,75235,Dallas,(214) 456-7730,Non-profit,No,Independent,No,19,Yes,Yes,No,1985-06-27,01Oct2024-30Sep2025,01Oct2024-30Sep2025,01Jan2021-31Dec2024,Better than Expected,001,100.0,0.0,18.8,0.0,01Jan2024-31Dec2024,As Expected,001,20.0,146.0,287.3,80.7,01Jan2024-31Dec2024,As Expected,001,28.0,25.0,43.5,11.6,01Jan2024-31Dec2024,Not Available,199,1.0,,,,01Jan2021-31Dec2023,As Expected,001,41.0,1.21,1.96,0.69,As Expected,001,56.0,15.1,32.1,6.3,01Jan2024-31Dec2024,Not Available,199,3.0,,,,01Jan2023-31Dec2024,Not Available,199,1.0,,,,01Jan2021-31Dec2023,Not Available,201,0.0,,,,01Jan2024-31Dec2024,As Expected,001,0.92,2.22,0.29,Not Available,199,2.0,,,,01Jul2025-30Sep2025,201,,199,1.0,1.0,,199,1.0,3.0,,001,15.0,100.0,99.0,001,24.0,166.0,94.0,,199,,199,8.0,199,2.0,7.0,,199,3.0,8.0,,,,,,199,2.0,5.0,,001,32.0,232.0,97.0,Match,-96.836126340058,32.808944424578,48113010001,census,2144567730,48113010001,south-central-tx,0,2,1.5753489435073313,mapped_other_cat,pediatric_nephrology;pediatrician,136.73060846829776,1.5753489435073313,1.0,0.9998,0.83,0.9981,False,0.549833729404115,2600,Urban,12.444444444444445,0.000906771531323794,,1,1,1,0,0,Q4 (most),0,1,19,0,290.3179847970281
452358,14,COOK CHILDRENS MEDICAL CENTER DIALYSIS UNIT,01Jan2021-31Dec2024,,260,801 SEVENTH AVE,Dodson Specialty Clinic 1st Floor Dialysis Unit,FORT WORTH,TX,76104,Tarrant,(682) 885-3944,Non-profit,No,Independent,No,8,Yes,Yes,No,1991-02-15,01Oct2024-30Sep2025,01Oct2024-30Sep2025,01Jan2021-31Dec2024,As Expected,001,114.0,19.4,54.4,4.6,01Jan2024-31Dec2024,As Expected,001,21.0,174.3,347.3,95.3,01Jan2024-31Dec2024,As Expected,001,20.0,31.5,53.6,13.6,01Jan2024-31Dec2024,Not Available,199,3.0,,,,01Jan2021-31Dec2023,As Expected,001,24.0,0.46,1.19,0.13,As Expected,001,45.0,6.4,24.3,1.5,01Jan2024-31Dec2024,Not Available,199,3.0,,,,01Jan2023-31Dec2024,Not Available,199,4.0,,,,01Jan2021-31Dec2023,Not Available,201,0.0,,,,01Jan2024-31Dec2024,As Expected,001,0.3,1.49,0.02,Not Available,199,2.0,,,,01Jul2025-30Sep2025,201,,199,2.0,7.0,,201,0.0,,,001,19.0,125.0,96.0,001,23.0,179.0,72.0,27.0,001,0.0,001,11.0,199,2.0,3.0,,199,2.0,6.0,,,,,,199,2.0,7.0,,001,23.0,177.0,90.0,Match,-97.341899005821,32.73842279375,48439123700,census,6828853944,48439123700,south-central-tx,0,2,0.6921529163117618,mapped_other_cat,health_and_medical;nephrologist,161.0332830797817,0.6921529163117618,1.0,0.5884,0.507,0.4886,False,0.4699679915651018,3623,Urban,12.444444444444445,0.0005033154566068898,,1,1,1,0,0,Q2,0,1,8,0,272.70273484679035
452372,14,CHRISTUS CHILDRENS KIDNEY CENTER,01Jan2021-31Dec2024,,260,333 NORTH SANTA ROSA STREET,F-2651,SAN ANTONIO,TX,78207,Bexar,(210) 704-4854,Non-profit,No,Independent,No,8,Yes,Yes,No,2007-07-01,01Oct2024-30Sep2025,01Oct2024-30Sep2025,01Jan2021-31Dec2024,Not Available,199,25.0,,,,01Jan2024-31Dec2024,Not Available,199,6.0,,,,01Jan2024-31Dec2024,Not Available,199,3.0,,,,01Jan2024-31Dec2024,Not Available,201,0.0,,,,01Jan2021-31Dec2023,Not Available,199,7.0,,,,Not Available,199,8.0,,,,01Jan2024-31Dec2024,Not Available,201,0.0,,,,01Jan2023-31Dec2024,Not Available,199,0.0,,,,01Jan2021-31Dec2023,Not Available,201,0.0,,,,01Jan2024-31Dec2024,Not Available,199,,,,Not Available,199,1.0,,,,01Jul2025-30Sep2025,201,,199,1.0,1.0,,199,1.0,11.0,,199,5.0,34.0,,199,2.0,13.0,,,199,,199,3.0,199,1.0,9.0,,199,2.0,12.0,,,,,,199,1.0,1.0,,199,5.0,37.0,,Match,-98.497816444026,29.42814718291,48029110100,census,2107044854,48029110100,south-central-tx,0,4,0.24464243520753803,mapped_dialysis,dialysis_clinic;health_and_medical;nephrologist,159.58187077574718,0.2622585670493409,1.0,0.9028,0.7797,0.7499,False,0.555398530274555,3812,Urban,15.666666666666666,1.0077457076756584e-05,,1,0,0,0,0,Q3,0,1,8,0,123.82048731780044
452380,14,DRISCOLL CHILDREN'S HOSPITAL DIALYSIS UNIT,01Jan2021-31Dec2024,,260,3533 ALAMEDA,2ND FLOOR SLOAN BLDG,CORPUS CHRISTI,TX,78411,Nueces,(361) 694-6800,Non-profit,No,Independent,No,5,Yes,Yes,No,2005-04-08,01Oct2024-30Sep2025,01Oct2024-30Sep2025,01Jan2021-31Dec2024,Not Available,199,27.0,,,,01Jan2024-31Dec2024,Not Available,199,4.0,,,,01Jan2024-31Dec2024,Not Available,199,0.0,,,,01Jan2024-31Dec2024,Not Available,199,2.0,,,,01Jan2021-31Dec2023,As Expected,001,12.0,1.74,4.07,0.57,As Expected,001,12.0,27.8,71.8,5.5,01Jan2024-31Dec2024,Not Available,199,3.0,,,,01Jan2023-31Dec2024,Not Available,199,3.0,,,,01Jan2021-31Dec2023,Not Available,199,2.0,,,,01Jan2024-31Dec2024,Not Available,199,,,,Not Available,199,4.0,,,,01Jul2025-30Sep2025,201,,199,2.0,13.0,,199,1.0,5.0,,199,3.0,23.0,,199,3.0,23.0,,,201,,201,0.0,199,3.0,29.0,,199,4.0,31.0,,,,,,199,4.0,26.0,,199,4.0,38.0,,Match,-97.384411294889,27.748350057032,48355002101,census,3616946800,48355002101,south-central-tx,0,0,2.2165759384968093,missing,,,2.2165759384968093,1.0,0.6213,0.8257,0.7407,False,0.559247851677199,3658,Urban,16.666666666666668,6.771047484137877e-06,,1,1,1,1,0,Q2,0,1,5,0,192.2633465731112
452388,14,UNIVERSITY HEALTH SYSTEM CHILDREN'S KIDNEY CENTER,01Jan2021-31Dec2024,,260,4502 MEDICAL DRIVE,MS 111-1,SAN ANTONIO,TX,78229,Bexar,(210) 358-8309,Non-profit,Yes,State Owned,No,8,Yes,Yes,No,2015-03-04,01Oct2024-30Sep2025,01Oct2024-30Sep2025,01Jan2021-31Dec2024,Not Available,199,42.0,,,,01Jan2024-31Dec2024,Not Available,199,7.0,,,,01Jan2024-31Dec2024,Not Available,199,7.0,,,,01Jan2024-31Dec2024,Not Available,201,0.0,,,,01Jan2021-31Dec2023,As Expected,001,14.0,1.41,3.06,0.52,As Expected,001,18.0,12.4,56.0,1.5,01Jan2024-31Dec2024,Not Available,201,0.0,,,,01Jan2023-31Dec2024,Not Available,199,0.0,,,,01Jan2021-31Dec2023,Not Available,201,0.0,,,,01Jan2024-31Dec2024,Not Available,199,,,,Not Available,201,0.0,,,,01Jul2025-30Sep2025,001,41.0,201,0.0,,,201,0.0,,,199,10.0,69.0,,199,5.0,42.0,,,199,,199,2.0,201,0.0,,,201,0.0,,,,,,,201,0.0,,,001,12.0,77.0,100.0,Match,-98.574033613545,29.509014391269,48029181402,census,2103588309,48029181402,south-central-tx,5,1,0.47382855801750734,mapped_other_cat,diagnostic_services;medical_center;nephrologist;pediatric_nephrology,90.55120019145636,0.47382855801750734,1.0,0.7627,0.7947,0.7846,False,0.542475396852785,2894,Urban,16.11111111111111,0.0023797681303386166,,1,1,1,0,0,Q3,1,1,8,0,11.631810303480586
452391,14,Texas Children's Hospital North Austin Campus,01Jan2021-31Dec2024,,260,9835 N Lake Creek Parkway,Suite 275,Austin,TX,78717,Williamson,(737) 229-3333,Non-profit,Yes,Other,No,4,Yes,Yes,No,2024-08-06,01Oct2024-30Sep2025,01Oct2024-30Sep2025,01Jan2021-31Dec2024,Not Available,258,1.0,,,,01Jan2024-31Dec2024,Not Available,258,1.0,,,,01Jan2024-31Dec2024,Not Available,258,0.0,,,,01Jan2024-31Dec2024,Not Available,258,0.0,,,,01Jan2021-31Dec2023,Not Available,258,0.0,,,,Not Available,199,5.0,,,,01Jan2024-31Dec2024,Not Available,258,0.0,,,,01Jan2023-31Dec2024,Not Available,258,0.0,,,,01Jan2021-31Dec2023,Not Available,258,0.0,,,,01Jan2024-31Dec2024,Not Available,258,,,,Not Available,201,0.0,,,,01Jul2025-30Sep2025,201,,201,0.0,,,201,0.0,,,199,2.0,12.0,,199,2.0,16.0,,,201,,201,0.0,201,0.0,,,201,0.0,,,,,,,201,0.0,,,199,3.0,23.0,,Match,-97.793634841388,30.474825120203,48491020311,census,7372293333,48491020311,south-central-tx,0,0,6.011018870116102,missing,,,6.011018870116102,1.0,0.6895,0.7369,0.6128,False,0.387898575756444,10330,Urban,15.555555555555555,0.0038468486781331962,,1,1,1,1,0,Q2,1,1,4,0,20.526974616739775
452842,14,CHILDRENS DIALYSIS CLINIC OF CENTRAL TEXAS,01Jan2021-31Dec2024,,260,1301 BARBARA  JORDAN BLVD,SUITE 103,AUSTIN,TX,78723,Travis,(512) 524-4213,Non-profit,Yes,"Dialysis Clinic, Inc.",No,7,Yes,Yes,No,2002-03-11,01Oct2024-30Sep2025,01Oct2024-30Sep2025,01Jan2021-31Dec2024,Not Available,199,40.0,,,,01Jan2024-31Dec2024,As Expected,001,12.0,78.9,305.6,24.1,01Jan2024-31Dec2024,Not Available,199,6.0,,,,01Jan2024-31Dec2024,Not Available,199,2.0,,,,01Jan2021-31Dec2023,As Expected,001,19.0,0.65,1.52,0.21,As Expected,001,14.0,45.9,85.5,10.9,01Jan2024-31Dec2024,Not Available,199,3.0,,,,01Jan2023-31Dec2024,Not Available,199,4.0,,,,01Jan2021-31Dec2023,Not Available,199,1.0,,,,01Jan2024-31Dec2024,Not Available,199,,,,Not Available,199,3.0,,,,01Jul2025-30Sep2025,001,0.0,199,3.0,27.0,,201,0.0,,,199,4.0,23.0,,199,5.0,32.0,,,199,,199,5.0,199,3.0,25.0,,199,3.0,27.0,,,,,,199,3.0,27.0,,199,5.0,26.0,,Match,-97.707519967737,30.305826420044,48453000309,census,5125244213,48453000309,south-central-tx,2,3,0.06408196894187167,mapped_dialysis,dermatologist;dialysis_clinic;hospital,64.08196894187166,0.9135967805071455,1.0,0.1893,0.5645,0.1917,False,0.4491039537858891,5602,Urban,15.11111111111111,0.00017849423826238526,,1,0,0,0,0,Q1 (least),1,1,7,0,123.82048731780044
453516,14,DRISCOLL CHILDREN'S VALLEY DIALYSIS CENTER,01Jan2021-31Dec2024,,260,1120 EAST RIDGE ROAD,,MCALLEN,TX,78503,Hidalgo,(956) 688-1220,Non-profit,No,Independent,No,4,Yes,Yes,No,2014-12-15,01Oct2024-30Sep2025,01Oct2024-30Sep2025,01Jan2021-31Dec2024,Not Available,199,19.0,,,,01Jan2024-31Dec2024,Not Available,199,2.0,,,,01Jan2024-31Dec2024,Not Available,199,0.0,,,,01Jan2024-31Dec2024,Not Available,199,1.0,,,,01Jan2021-31Dec2023,Not Available,199,7.0,,,,As Expected,001,12.0,23.1,64.5,4.7,01Jan2024-31Dec2024,Not Available,199,1.0,,,,01Jan2023-31Dec2024,Not Available,199,1.0,,,,01Jan2021-31Dec2023,Not Available,199,1.0,,,,01Jan2024-31Dec2024,Not Available,199,,,,Not Available,199,3.0,,,,01Jul2025-30Sep2025,201,,199,2.0,12.0,,201,0.0,,,199,6.0,43.0,,199,2.0,5.0,,,201,,201,0.0,199,3.0,13.0,,199,3.0,15.0,,,,,,199,3.0,15.0,,199,8.0,65.0,,Match,-98.21074811908,26.183962475121,48215021204,census,9566881220,48215021204,south-central-tx,0,4,0.061935992131043165,mapped_dialysis,dialysis_clinic;health_and_medical,61.935992131043164,0.30135580606188717,1.0,0.9035,0.8912,0.8097,False,0.558555628625238,2846,Urban,14.333333333333334,0.00031627855511136846,,1,0,0,0,0,Q4 (most),0,1,4,0,361.83961349983866
